N16[0].0,I0.0
N16[0].1,I0.1
N16[0].2,I0.2
N16[0].3,I0.3
N16[0].4,I0.4
N16[0].5,I0.5
N16[0].6,I0.6
N16[0].7,I0.7
N16[0].8,I0.8
N16[0].9,I0.9
N16[0].10,I0.10
N16[0].11,I0.11
N16[0].12,I0.12
N16[0].13,I0.13
N16[0].14,I0.14
N16[0].15,I0.15
N16[0].16,I0.16
N16[0].17,I0.17
N16[0].18,I0.18
N16[0].19,I0.19
N16[0].20,I0.20
N16[0].21,I0.21
N16[0].22,I0.22
N16[0].23,I0.23
N16[0].22,I0.24
N16[0].25,I0.25
N16[0].26,I0.26
N16[0].27,I0.27
N16[0].28,I0.28
N16[0].29,I0.29
N16[0].30,I0.30
N16[0].31,I0.31
N16[0].0,I0.0
N16[0].1,I0.1
N16[0].2,I0.2
N16[0].3,I0.3
N16[0].4,I0.4
N16[0].5,I0.5
N16[0].6,I0.6
N16[0].7,I0.7
N16[0].8,I0.8
N16[0].9,I0.9
N16[0].10,I0.10
N16[0].11,I0.11
N16[0].12,I0.12
N16[0].13,I0.13
N16[0].14,I0.14
N16[0].15,I0.15
N16[0].16,I0.16
N16[0].17,I0.17
N16[0].18,I0.18
N16[0].19,I0.19
N16[0].20,I0.20
N16[0].21,I0.21
N16[0].22,I0.22
N16[0].23,I0.23
N16[0].22,I0.24
N16[0].25,I0.25
N16[0].26,I0.26
N16[0].27,I0.27
N16[0].28,I0.28
N16[0].29,I0.29
N16[0].30,I0.30
N16[0].31,I0.31
N16[0].0,I0.0
N16[0].1,I0.1
N16[0].2,I0.2
N16[0].3,I0.3
N16[0].4,I0.4
N16[0].5,I0.5
N16[0].6,I0.6
N16[0].7,I0.7
N16[0].8,I0.8
N16[0].9,I0.9
N16[0].10,I0.10
N16[0].11,I0.11
N16[0].12,I0.12
N16[0].13,I0.13
N16[0].14,I0.14
N16[0].15,I0.15
N16[0].16,I0.16
N16[0].17,I0.17
N16[0].18,I0.18
N16[0].19,I0.19
N16[0].20,I0.20
N16[0].21,I0.21
N16[0].22,I0.22
N16[0].23,I0.23
N16[0].22,I0.24
N16[0].25,I0.25
N16[0].26,I0.26
N16[0].27,I0.27
N16[0].28,I0.28
N16[0].29,I0.29
N16[0].30,I0.30
N16[0].31,I0.31
N16[0].0,I0.0
N16[0].1,I0.1
N16[0].2,I0.2
N16[0].3,I0.3
N16[0].4,I0.4
N16[0].5,I0.5
N16[0].6,I0.6
N16[0].7,I0.7
N16[0].8,I0.8
N16[0].9,I0.9
N16[0].10,I0.10
N16[0].11,I0.11
N16[0].12,I0.12
N16[0].13,I0.13
N16[0].14,I0.14
N16[0].15,I0.15
N16[0].16,I0.16
N16[0].17,I0.17
N16[0].18,I0.18
N16[0].19,I0.19
N16[0].20,I0.20
N16[0].21,I0.21
N16[0].22,I0.22
N16[0].23,I0.23
N16[0].22,I0.24
N16[0].25,I0.25
N16[0].26,I0.26
N16[0].27,I0.27
N16[0].28,I0.28
N16[0].29,I0.29
N16[0].30,I0.30
N16[0].31,I0.31
N16[0].0,I0.0
N16[0].1,I0.1
N16[0].2,I0.2
N16[0].3,I0.3
N16[0].4,I0.4
N16[0].5,I0.5
N16[0].6,I0.6
N16[0].7,I0.7
N16[0].8,I0.8
N16[0].9,I0.9
N16[0].10,I0.10
N16[0].11,I0.11
N16[0].12,I0.12
N16[0].13,I0.13
N16[0].14,I0.14
N16[0].15,I0.15
N16[0].16,I0.16
N16[0].17,I0.17
N16[0].18,I0.18
N16[0].19,I0.19
N16[0].20,I0.20
N16[0].21,I0.21
N16[0].22,I0.22
N16[0].23,I0.23
N16[0].22,I0.24
N16[0].25,I0.25
N16[0].26,I0.26
N16[0].27,I0.27
N16[0].28,I0.28
N16[0].29,I0.29
N16[0].30,I0.30
N16[0].31,I0.31
N16[0].0,I0.0
N16[0].1,I0.1
N16[0].2,I0.2
N16[0].3,I0.3
N16[0].4,I0.4
N16[0].5,I0.5
N16[0].6,I0.6
N16[0].7,I0.7
N16[0].8,I0.8
N16[0].9,I0.9
N16[0].10,I0.10
N16[0].11,I0.11
N16[0].12,I0.12
N16[0].13,I0.13
N16[0].14,I0.14
N16[0].15,I0.15
N16[0].16,I0.16
N16[0].17,I0.17
N16[0].18,I0.18
N16[0].19,I0.19
N16[0].20,I0.20
N16[0].21,I0.21
N16[0].22,I0.22
N16[0].23,I0.23
N16[0].22,I0.24
N16[0].25,I0.25
N16[0].26,I0.26
N16[0].27,I0.27
N16[0].28,I0.28
N16[0].29,I0.29
N16[0].30,I0.30
N16[0].31,I0.31
N16[0].0,I0.0
N16[0].1,I0.1
N16[0].2,I0.2
N16[0].3,I0.3
N16[0].4,I0.4
N16[0].5,I0.5
N16[0].6,I0.6
N16[0].7,I0.7
N16[0].8,I0.8
N16[0].9,I0.9
N16[0].10,I0.10
N16[0].11,I0.11
N16[0].12,I0.12
N16[0].13,I0.13
N16[0].14,I0.14
N16[0].15,I0.15
N16[0].16,I0.16
N16[0].17,I0.17
N16[0].18,I0.18
N16[0].19,I0.19
N16[0].20,I0.20
N16[0].21,I0.21
N16[0].22,I0.22
N16[0].23,I0.23
N16[0].22,I0.24
N16[0].25,I0.25
N16[0].26,I0.26
N16[0].27,I0.27
N16[0].28,I0.28
N16[0].29,I0.29
N16[0].30,I0.30
N16[0].31,I0.31
N16[0].0,I0.0
N16[0].1,I0.1
N16[0].2,I0.2
N16[0].3,I0.3
N16[0].4,I0.4
N16[0].5,I0.5
N16[0].6,I0.6
N16[0].7,I0.7
N16[0].8,I0.8
N16[0].9,I0.9
N16[0].10,I0.10
N16[0].11,I0.11
N16[0].12,I0.12
N16[0].13,I0.13
N16[0].14,I0.14
N16[0].15,I0.15
N16[0].16,I0.16
N16[0].17,I0.17
N16[0].18,I0.18
N16[0].19,I0.19
N16[0].20,I0.20
N16[0].21,I0.21
N16[0].22,I0.22
N16[0].23,I0.23
N16[0].22,I0.24
N16[0].25,I0.25
N16[0].26,I0.26
N16[0].27,I0.27
N16[0].28,I0.28
N16[0].29,I0.29
N16[0].30,I0.30
N16[0].31,I0.31
N16[0].0,I0.0
N16[0].1,I0.1
N16[0].2,I0.2
N16[0].3,I0.3
N16[0].4,I0.4
N16[0].5,I0.5
N16[0].6,I0.6
N16[0].7,I0.7
N16[0].8,I0.8
N16[0].9,I0.9
N16[0].10,I0.10
N16[0].11,I0.11
N16[0].12,I0.12
N16[0].13,I0.13
N16[0].14,I0.14
N16[0].15,I0.15
N16[0].16,I0.16
N16[0].17,I0.17
N16[0].18,I0.18
N16[0].19,I0.19
N16[0].20,I0.20
N16[0].21,I0.21
N16[0].22,I0.22
N16[0].23,I0.23
N16[0].22,I0.24
N16[0].25,I0.25
N16[0].26,I0.26
N16[0].27,I0.27
N16[0].28,I0.28
N16[0].29,I0.29
N16[0].30,I0.30
N16[0].31,I0.31
N16[0].0,I0.0
N16[0].1,I0.1
N16[0].2,I0.2
N16[0].3,I0.3
N16[0].4,I0.4
N16[0].5,I0.5
N16[0].6,I0.6
N16[0].7,I0.7
N16[0].8,I0.8
N16[0].9,I0.9
N16[0].10,I0.10
N16[0].11,I0.11
N16[0].12,I0.12
N16[0].13,I0.13
N16[0].14,I0.14
N16[0].15,I0.15
N16[0].16,I0.16
N16[0].17,I0.17
N16[0].18,I0.18
N16[0].19,I0.19
N16[0].20,I0.20
N16[0].21,I0.21
N16[0].22,I0.22
N16[0].23,I0.23
N16[0].22,I0.24
N16[0].25,I0.25
N16[0].26,I0.26
N16[0].27,I0.27
N16[0].28,I0.28
N16[0].29,I0.29
N16[0].30,I0.30
N16[0].31,I0.31
N16[0].0,I0.0
N16[0].1,I0.1
N16[0].2,I0.2
N16[0].3,I0.3
N16[0].4,I0.4
N16[0].5,I0.5
N16[0].6,I0.6
N16[0].7,I0.7
N16[0].8,I0.8
N16[0].9,I0.9
N16[0].10,I0.10
N16[0].11,I0.11
N16[0].12,I0.12
N16[0].13,I0.13
N16[0].14,I0.14
N16[0].15,I0.15
N16[0].16,I0.16
N16[0].17,I0.17
N16[0].18,I0.18
N16[0].19,I0.19
N16[0].20,I0.20
N16[0].21,I0.21
N16[0].22,I0.22
N16[0].23,I0.23
N16[0].22,I0.24
N16[0].25,I0.25
N16[0].26,I0.26
N16[0].27,I0.27
N16[0].28,I0.28
N16[0].29,I0.29
N16[0].30,I0.30
N16[0].31,I0.31
N16[0].0,I0.0
N16[0].1,I0.1
N16[0].2,I0.2
N16[0].3,I0.3
N16[0].4,I0.4
N16[0].5,I0.5
N16[0].6,I0.6
N16[0].7,I0.7
N16[0].8,I0.8
N16[0].9,I0.9
N16[0].10,I0.10
N16[0].11,I0.11
N16[0].12,I0.12
N16[0].13,I0.13
N16[0].14,I0.14
N16[0].15,I0.15
N16[0].16,I0.16
N16[0].17,I0.17
N16[0].18,I0.18
N16[0].19,I0.19
N16[0].20,I0.20
N16[0].21,I0.21
N16[0].22,I0.22
N16[0].23,I0.23
N16[0].22,I0.24
N16[0].25,I0.25
N16[0].26,I0.26
N16[0].27,I0.27
N16[0].28,I0.28
N16[0].29,I0.29
N16[0].30,I0.30
N16[0].31,I0.31
N16[0].0,I0.0
N16[0].1,I0.1
N16[0].2,I0.2
N16[0].3,I0.3
N16[0].4,I0.4
N16[0].5,I0.5
N16[0].6,I0.6
N16[0].7,I0.7
N16[0].8,I0.8
N16[0].9,I0.9
N16[0].10,I0.10
N16[0].11,I0.11
N16[0].12,I0.12
N16[0].13,I0.13
N16[0].14,I0.14
N16[0].15,I0.15
N16[0].16,I0.16
N16[0].17,I0.17
N16[0].18,I0.18
N16[0].19,I0.19
N16[0].20,I0.20
N16[0].21,I0.21
N16[0].22,I0.22
N16[0].23,I0.23
N16[0].22,I0.24
N16[0].25,I0.25
N16[0].26,I0.26
N16[0].27,I0.27
N16[0].28,I0.28
N16[0].29,I0.29
N16[0].30,I0.30
N16[0].31,I0.31
N16[0].0,I0.0
N16[0].1,I0.1
N16[0].2,I0.2
N16[0].3,I0.3
N16[0].4,I0.4
N16[0].5,I0.5
N16[0].6,I0.6
N16[0].7,I0.7
N16[0].8,I0.8
N16[0].9,I0.9
N16[0].10,I0.10
N16[0].11,I0.11
N16[0].12,I0.12
N16[0].13,I0.13
N16[0].14,I0.14
N16[0].15,I0.15
N16[0].16,I0.16
N16[0].17,I0.17
N16[0].18,I0.18
N16[0].19,I0.19
N16[0].20,I0.20
N16[0].21,I0.21
N16[0].22,I0.22
N16[0].23,I0.23
N16[0].22,I0.24
N16[0].25,I0.25
N16[0].26,I0.26
N16[0].27,I0.27
N16[0].28,I0.28
N16[0].29,I0.29
N16[0].30,I0.30
N16[0].31,I0.31
N16[0].0,I0.0
N16[0].1,I0.1
N16[0].2,I0.2
N16[0].3,I0.3
N16[0].4,I0.4
N16[0].5,I0.5
N16[0].6,I0.6
N16[0].7,I0.7
N16[0].8,I0.8
N16[0].9,I0.9
N16[0].10,I0.10
N16[0].11,I0.11
N16[0].12,I0.12
N16[0].13,I0.13
N16[0].14,I0.14
N16[0].15,I0.15
N16[0].16,I0.16
N16[0].17,I0.17
N16[0].18,I0.18
N16[0].19,I0.19
N16[0].20,I0.20
N16[0].21,I0.21
N16[0].22,I0.22
N16[0].23,I0.23
N16[0].22,I0.24
N16[0].25,I0.25
N16[0].26,I0.26
N16[0].27,I0.27
N16[0].28,I0.28
N16[0].29,I0.29
N16[0].30,I0.30
N16[0].31,I0.31
N16[0].0,I0.0
N16[0].1,I0.1
N16[0].2,I0.2
N16[0].3,I0.3
N16[0].4,I0.4
N16[0].5,I0.5
N16[0].6,I0.6
N16[0].7,I0.7
N16[0].8,I0.8
N16[0].9,I0.9
N16[0].10,I0.10
N16[0].11,I0.11
N16[0].12,I0.12
N16[0].13,I0.13
N16[0].14,I0.14
N16[0].15,I0.15
N16[0].16,I0.16
N16[0].17,I0.17
N16[0].18,I0.18
N16[0].19,I0.19
N16[0].20,I0.20
N16[0].21,I0.21
N16[0].22,I0.22
N16[0].23,I0.23
N16[0].22,I0.24
N16[0].25,I0.25
N16[0].26,I0.26
N16[0].27,I0.27
N16[0].28,I0.28
N16[0].29,I0.29
N16[0].30,I0.30
N16[0].31,I0.31
N16[0].1,I0.32
N16[0].2,I0.33
N16[0].3,I0.34
N16[0].4,I0.35
N16[0].5,I0.36
N16[0].6,I0.37
N16[0].7,I0.38
N16[0].8,I0.39
N16[0].9,I0.40
N16[0].10,I0.41
N16[0].11,I0.42
N16[0].12,I0.43
N16[0].13,I0.44
N16[0].14,I0.45
N16[0].15,I0.46
N16[0].16,I0.47
N16[0].17,I0.48
N16[0].18,I0.49
N16[0].19,I0.50
N16[0].20,I0.51
N16[0].21,I0.52
N16[0].22,I0.53
N16[0].23,I0.54
N16[0].24,I0.55
N16[0].23,I0.56
N16[0].26,I0.57
N16[0].27,I0.58
N16[0].28,I0.59
N16[0].29,I0.60
N16[0].30,I0.61
N16[0].31,I0.62
N16[0].32,I0.63
N16[0].2,I0.64
N16[0].3,I0.65
N16[0].4,I0.66
N16[0].5,I0.67
N16[0].6,I0.68
N16[0].7,I0.69
N16[0].8,I0.70
N16[0].9,I0.71
N16[0].10,I0.72
N16[0].11,I0.73
N16[0].12,I0.74
N16[0].13,I0.75
N16[0].14,I0.76
N16[0].15,I0.77
N16[0].16,I0.78
N16[0].17,I0.79
N16[0].18,I0.80
N16[0].19,I0.81
N16[0].20,I0.82
N16[0].21,I0.83
N16[0].22,I0.84
N16[0].23,I0.85
N16[0].24,I0.86
N16[0].25,I0.87
N16[0].24,I0.88
N16[0].27,I0.89
N16[0].28,I0.90
N16[0].29,I0.91
N16[0].30,I0.92
N16[0].31,I0.93
N16[0].32,I0.94
N16[0].33,I0.95
N16[0].3,I0.96
N16[0].4,I0.97
N16[0].5,I0.98
N16[0].6,I0.99
N16[0].7,I0.100
N16[0].8,I0.101
N16[0].9,I0.102
N16[0].10,I0.103
N16[0].11,I0.104
N16[0].12,I0.105
N16[0].13,I0.106
N16[0].14,I0.107
N16[0].15,I0.108
N16[0].16,I0.109
N16[0].17,I0.110
N16[0].18,I0.111
N16[0].19,I0.112
N16[0].20,I0.113
N16[0].21,I0.114
N16[0].22,I0.115
N16[0].23,I0.116
N16[0].24,I0.117
N16[0].25,I0.118
N16[0].26,I0.119
N16[0].25,I0.120
N16[0].28,I0.121
N16[0].29,I0.122
N16[0].30,I0.123
N16[0].31,I0.124
N16[0].32,I0.125
N16[0].33,I0.126
N16[0].34,I0.127
N16[0].4,I0.128
N16[0].5,I0.129
N16[0].6,I0.130
N16[0].7,I0.131
N16[0].8,I0.132
N16[0].9,I0.133
N16[0].10,I0.134
N16[0].11,I0.135
N16[0].12,I0.136
N16[0].13,I0.137
N16[0].14,I0.138
N16[0].15,I0.139
N16[0].16,I0.140
N16[0].17,I0.141
N16[0].18,I0.142
N16[0].19,I0.143
N16[0].20,I0.144
N16[0].21,I0.145
N16[0].22,I0.146
N16[0].23,I0.147
N16[0].24,I0.148
N16[0].25,I0.149
N16[0].26,I0.150
N16[0].27,I0.151
N16[0].26,I0.152
N16[0].29,I0.153
N16[0].30,I0.154
N16[0].31,I0.155
N16[0].32,I0.156
N16[0].33,I0.157
N16[0].34,I0.158
N16[0].35,I0.159
N16[0].5,I0.160
N16[0].6,I0.161
N16[0].7,I0.162
N16[0].8,I0.163
N16[0].9,I0.164
N16[0].10,I0.165
N16[0].11,I0.166
N16[0].12,I0.167
N16[0].13,I0.168
N16[0].14,I0.169
N16[0].15,I0.170
N16[0].16,I0.171
N16[0].17,I0.172
N16[0].18,I0.173
N16[0].19,I0.174
N16[0].20,I0.175
N16[0].21,I0.176
N16[0].22,I0.177
N16[0].23,I0.178
N16[0].24,I0.179
N16[0].25,I0.180
N16[0].26,I0.181
N16[0].27,I0.182
N16[0].28,I0.183
N16[0].27,I0.184
N16[0].30,I0.185
N16[0].31,I0.186
N16[0].32,I0.187
N16[0].33,I0.188
N16[0].34,I0.189
N16[0].35,I0.190
N16[0].36,I0.191
N16[0].6,I0.192
N16[0].7,I0.193
N16[0].8,I0.194
N16[0].9,I0.195
N16[0].10,I0.196
N16[0].11,I0.197
N16[0].12,I0.198
N16[0].13,I0.199
N16[0].14,I0.200
N16[0].15,I0.201
N16[0].16,I0.202
N16[0].17,I0.203
N16[0].18,I0.204
N16[0].19,I0.205
N16[0].20,I0.206
N16[0].21,I0.207
N16[0].22,I0.208
N16[0].23,I0.209
N16[0].24,I0.210
N16[0].25,I0.211
N16[0].26,I0.212
N16[0].27,I0.213
N16[0].28,I0.214
N16[0].29,I0.215
N16[0].28,I0.216
N16[0].31,I0.217
N16[0].32,I0.218
N16[0].33,I0.219
N16[0].34,I0.220
N16[0].35,I0.221
N16[0].36,I0.222
N16[0].37,I0.223
N16[0].7,I0.224
N16[0].8,I0.225
N16[0].9,I0.226
N16[0].10,I0.227
N16[0].11,I0.228
N16[0].12,I0.229
N16[0].13,I0.230
N16[0].14,I0.231
N16[0].15,I0.232
N16[0].16,I0.233
N16[0].17,I0.234
N16[0].18,I0.235
N16[0].19,I0.236
N16[0].20,I0.237
N16[0].21,I0.238
N16[0].22,I0.239
N16[0].23,I0.240
N16[0].24,I0.241
N16[0].25,I0.242
N16[0].26,I0.243
N16[0].27,I0.244
N16[0].28,I0.245
N16[0].29,I0.246
N16[0].30,I0.247
N16[0].29,I0.248
N16[0].32,I0.249
N16[0].33,I0.250
N16[0].34,I0.251
N16[0].35,I0.252
N16[0].36,I0.253
N16[0].37,I0.254
N16[0].38,I0.255
N16[0].8,I0.256
N16[0].9,I0.257
N16[0].10,I0.258
N16[0].11,I0.259
N16[0].12,I0.260
N16[0].13,I0.261
N16[0].14,I0.262
N16[0].15,I0.263
N16[0].16,I0.264
N16[0].17,I0.265
N16[0].18,I0.266
N16[0].19,I0.267
N16[0].20,I0.268
N16[0].21,I0.269
N16[0].22,I0.270
N16[0].23,I0.271
N16[0].24,I0.272
N16[0].25,I0.273
N16[0].26,I0.274
N16[0].27,I0.275
N16[0].28,I0.276
N16[0].29,I0.277
N16[0].30,I0.278
N16[0].31,I0.279
N16[0].30,I0.280
N16[0].33,I0.281
N16[0].34,I0.282
N16[0].35,I0.283
N16[0].36,I0.284
N16[0].37,I0.285
N16[0].38,I0.286
N16[0].39,I0.287
N16[0].9,I0.288
N16[0].10,I0.289
N16[0].11,I0.290
N16[0].12,I0.291
N16[0].13,I0.292
N16[0].14,I0.293
N16[0].15,I0.294
N16[0].16,I0.295
N16[0].17,I0.296
N16[0].18,I0.297
N16[0].19,I0.298
N16[0].20,I0.299
N16[0].21,I0.300
N16[0].22,I0.301
N16[0].23,I0.302
N16[0].24,I0.303
N16[0].25,I0.304
N16[0].26,I0.305
N16[0].27,I0.306
N16[0].28,I0.307
N16[0].29,I0.308
N16[0].30,I0.309
N16[0].31,I0.310
N16[0].32,I0.311
N16[0].31,I0.312
N16[0].34,I0.313
N16[0].35,I0.314
N16[0].36,I0.315
N16[0].37,I0.316
N16[0].38,I0.317
N16[0].39,I0.318
N16[0].40,I0.319
N16[0].10,I0.320
N16[0].11,I0.321
N16[0].12,I0.322
N16[0].13,I0.323
N16[0].14,I0.324
N16[0].15,I0.325
N16[0].16,I0.326
N16[0].17,I0.327
N16[0].18,I0.328
N16[0].19,I0.329
N16[0].20,I0.330
N16[0].21,I0.331
N16[0].22,I0.332
N16[0].23,I0.333
N16[0].24,I0.334
N16[0].25,I0.335
N16[0].26,I0.336
N16[0].27,I0.337
N16[0].28,I0.338
N16[0].29,I0.339
N16[0].30,I0.340
N16[0].31,I0.341
N16[0].32,I0.342
N16[0].33,I0.343
N16[0].32,I0.344
N16[0].35,I0.345
N16[0].36,I0.346
N16[0].37,I0.347
N16[0].38,I0.348
N16[0].39,I0.349
N16[0].40,I0.350
N16[0].41,I0.351
N16[0].11,I0.352
N16[0].12,I0.353
N16[0].13,I0.354
N16[0].14,I0.355
N16[0].15,I0.356
N16[0].16,I0.357
N16[0].17,I0.358
N16[0].18,I0.359
N16[0].19,I0.360
N16[0].20,I0.361
N16[0].21,I0.362
N16[0].22,I0.363
N16[0].23,I0.364
N16[0].24,I0.365
N16[0].25,I0.366
N16[0].26,I0.367
N16[0].27,I0.368
N16[0].28,I0.369
N16[0].29,I0.370
N16[0].30,I0.371
N16[0].31,I0.372
N16[0].32,I0.373
N16[0].33,I0.374
N16[0].34,I0.375
N16[0].33,I0.376
N16[0].36,I0.377
N16[0].37,I0.378
N16[0].38,I0.379
N16[0].39,I0.380
N16[0].40,I0.381
N16[0].41,I0.382
N16[0].42,I0.383
N16[0].12,I0.384
N16[0].13,I0.385
N16[0].14,I0.386
N16[0].15,I0.387
N16[0].16,I0.388
N16[0].17,I0.389
N16[0].18,I0.390
N16[0].19,I0.391
N16[0].20,I0.392
N16[0].21,I0.393
N16[0].22,I0.394
N16[0].23,I0.395
N16[0].24,I0.396
N16[0].25,I0.397
N16[0].26,I0.398
N16[0].27,I0.399
N16[0].28,I0.400
N16[0].29,I0.401
N16[0].30,I0.402
N16[0].31,I0.403
N16[0].32,I0.404
N16[0].33,I0.405
N16[0].34,I0.406
N16[0].35,I0.407
N16[0].34,I0.408
N16[0].37,I0.409
N16[0].38,I0.410
N16[0].39,I0.411
N16[0].40,I0.412
N16[0].41,I0.413
N16[0].42,I0.414
N16[0].43,I0.415
N16[0].13,I0.416
N16[0].14,I0.417
N16[0].15,I0.418
N16[0].16,I0.419
N16[0].17,I0.420
N16[0].18,I0.421
N16[0].19,I0.422
N16[0].20,I0.423
N16[0].21,I0.424
N16[0].22,I0.425
N16[0].23,I0.426
N16[0].24,I0.427
N16[0].25,I0.428
N16[0].26,I0.429
N16[0].27,I0.430
N16[0].28,I0.431
N16[0].29,I0.432
N16[0].30,I0.433
N16[0].31,I0.434
N16[0].32,I0.435
N16[0].33,I0.436
N16[0].34,I0.437
N16[0].35,I0.438
N16[0].36,I0.439
N16[0].35,I0.440
N16[0].38,I0.441
N16[0].39,I0.442
N16[0].40,I0.443
N16[0].41,I0.444
N16[0].42,I0.445
N16[0].43,I0.446
N16[0].44,I0.447
N16[0].14,I0.448
N16[0].15,I0.449
N16[0].16,I0.450
N16[0].17,I0.451
N16[0].18,I0.452
N16[0].19,I0.453
N16[0].20,I0.454
N16[0].21,I0.455
N16[0].22,I0.456
N16[0].23,I0.457
N16[0].24,I0.458
N16[0].25,I0.459
N16[0].26,I0.460
N16[0].27,I0.461
N16[0].28,I0.462
N16[0].29,I0.463
N16[0].30,I0.464
N16[0].31,I0.465
N16[0].32,I0.466
N16[0].33,I0.467
N16[0].34,I0.468
N16[0].35,I0.469
N16[0].36,I0.470
N16[0].37,I0.471
N16[0].36,I0.472
N16[0].39,I0.473
N16[0].40,I0.474
N16[0].41,I0.475
N16[0].42,I0.476
N16[0].43,I0.477
N16[0].44,I0.478
N16[0].45,I0.479
N16[0].15,I0.480
N16[0].16,I0.481
N16[0].17,I0.482
N16[0].18,I0.483
N16[0].19,I0.484
N16[0].20,I0.485
N16[0].21,I0.486
N16[0].22,I0.487
N16[0].23,I0.488
N16[0].24,I0.489
N16[0].25,I0.490
N16[0].26,I0.491
N16[0].27,I0.492
N16[0].28,I0.493
N16[0].29,I0.494
N16[0].30,I0.495
N16[0].31,I0.496
N16[0].32,I0.497
N16[0].33,I0.498
N16[0].34,I0.499
N16[0].35,I0.500
N16[0].36,I0.501
N16[0].37,I0.502
N16[0].38,I0.503
N16[0].37,I0.504
N16[0].40,I0.505
N16[0].41,I0.506
N16[0].42,I0.507
N16[0].43,I0.508
N16[0].44,I0.509
N16[0].45,I0.510
N16[0].46,I0.511
N16[0].16,I0.512
N16[0].17,I0.513
N16[0].18,I0.514
N16[0].19,I0.515
N16[0].20,I0.516
N16[0].21,I0.517
N16[0].22,I0.518
N16[0].23,I0.519
N16[0].24,I0.520
N16[0].25,I0.521
N16[0].26,I0.522
N16[0].27,I0.523
N16[0].28,I0.524
N16[0].29,I0.525
N16[0].30,I0.526
N16[0].31,I0.527
N16[0].32,I0.528
N16[0].33,I0.529
N16[0].34,I0.530
N16[0].35,I0.531
N16[0].36,I0.532
N16[0].37,I0.533
N16[0].38,I0.534
N16[0].39,I0.535
N16[0].38,I0.536
N16[0].41,I0.537
N16[0].42,I0.538
N16[0].43,I0.539
N16[0].44,I0.540
N16[0].45,I0.541
N16[0].46,I0.542
N16[0].47,I0.543
N16[0].17,I0.544
N16[0].18,I0.545
N16[0].19,I0.546
N16[0].20,I0.547
N16[0].21,I0.548
N16[0].22,I0.549
N16[0].23,I0.550
N16[0].24,I0.551
N16[0].25,I0.552
N16[0].26,I0.553
N16[0].27,I0.554
N16[0].28,I0.555
N16[0].29,I0.556
N16[0].30,I0.557
N16[0].31,I0.558
N16[0].32,I0.559
N16[0].33,I0.560
N16[0].34,I0.561
N16[0].35,I0.562
N16[0].36,I0.563
N16[0].37,I0.564
N16[0].38,I0.565
N16[0].39,I0.566
N16[0].40,I0.567
N16[0].39,I0.568
N16[0].42,I0.569
N16[0].43,I0.570
N16[0].44,I0.571
N16[0].45,I0.572
N16[0].46,I0.573
N16[0].47,I0.574
N16[0].48,I0.575
N16[0].18,I0.576
N16[0].19,I0.577
N16[0].20,I0.578
N16[0].21,I0.579
N16[0].22,I0.580
N16[0].23,I0.581
N16[0].24,I0.582
N16[0].25,I0.583
N16[0].26,I0.584
N16[0].27,I0.585
N16[0].28,I0.586
N16[0].29,I0.587
N16[0].30,I0.588
N16[0].31,I0.589
N16[0].32,I0.590
N16[0].33,I0.591
N16[0].34,I0.592
N16[0].35,I0.593
N16[0].36,I0.594
N16[0].37,I0.595
N16[0].38,I0.596
N16[0].39,I0.597
N16[0].40,I0.598
N16[0].41,I0.599
N16[0].40,I0.600
N16[0].43,I0.601
N16[0].44,I0.602
N16[0].45,I0.603
N16[0].46,I0.604
N16[0].47,I0.605
N16[0].48,I0.606
N16[0].49,I0.607
N16[0].19,I0.608
N16[0].20,I0.609
N16[0].21,I0.610
N16[0].22,I0.611
N16[0].23,I0.612
N16[0].24,I0.613
N16[0].25,I0.614
N16[0].26,I0.615
N16[0].27,I0.616
N16[0].28,I0.617
N16[0].29,I0.618
N16[0].30,I0.619
N16[0].31,I0.620
N16[0].32,I0.621
N16[0].33,I0.622
N16[0].34,I0.623
N16[0].35,I0.624
N16[0].36,I0.625
N16[0].37,I0.626
N16[0].38,I0.627
N16[0].39,I0.628
N16[0].40,I0.629
N16[0].41,I0.630
N16[0].42,I0.631
N16[0].41,I0.632
N16[0].44,I0.633
N16[0].45,I0.634
N16[0].46,I0.635
N16[0].47,I0.636
N16[0].48,I0.637
N16[0].49,I0.638
N16[0].50,I0.639
N16[0].20,I0.640
N16[0].21,I0.641
N16[0].22,I0.642
N16[0].23,I0.643
N16[0].24,I0.644
N16[0].25,I0.645
N16[0].26,I0.646
N16[0].27,I0.647
N16[0].28,I0.648
N16[0].29,I0.649
N16[0].30,I0.650
N16[0].31,I0.651
N16[0].32,I0.652
N16[0].33,I0.653
N16[0].34,I0.654
N16[0].35,I0.655
N16[0].36,I0.656
N16[0].37,I0.657
N16[0].38,I0.658
N16[0].39,I0.659
N16[0].40,I0.660
N16[0].41,I0.661
N16[0].42,I0.662
N16[0].43,I0.663
N16[0].42,I0.664
N16[0].45,I0.665
N16[0].46,I0.666
N16[0].47,I0.667
N16[0].48,I0.668
N16[0].49,I0.669
N16[0].50,I0.670
N16[0].51,I0.671
N16[0].21,I0.672
N16[0].22,I0.673
N16[0].23,I0.674
N16[0].24,I0.675
N16[0].25,I0.676
N16[0].26,I0.677
N16[0].27,I0.678
N16[0].28,I0.679
N16[0].29,I0.680
N16[0].30,I0.681
N16[0].31,I0.682
N16[0].32,I0.683
N16[0].33,I0.684
N16[0].34,I0.685
N16[0].35,I0.686
N16[0].36,I0.687
N16[0].37,I0.688
N16[0].38,I0.689
N16[0].39,I0.690
N16[0].40,I0.691
N16[0].41,I0.692
N16[0].42,I0.693
N16[0].43,I0.694
N16[0].44,I0.695
N16[0].43,I0.696
N16[0].46,I0.697
N16[0].47,I0.698
N16[0].48,I0.699
N16[0].49,I0.700
N16[0].50,I0.701
N16[0].51,I0.702
N16[0].52,I0.703
N16[0].22,I0.704
N16[0].23,I0.705
N16[0].24,I0.706
N16[0].25,I0.707
N16[0].26,I0.708
N16[0].27,I0.709
N16[0].28,I0.710
N16[0].29,I0.711
N16[0].30,I0.712
N16[0].31,I0.713
N16[0].32,I0.714
N16[0].33,I0.715
N16[0].34,I0.716
N16[0].35,I0.717
N16[0].36,I0.718
N16[0].37,I0.719
N16[0].38,I0.720
N16[0].39,I0.721
N16[0].40,I0.722
N16[0].41,I0.723
N16[0].42,I0.724
N16[0].43,I0.725
N16[0].44,I0.726
N16[0].45,I0.727
N16[0].44,I0.728
N16[0].47,I0.729
N16[0].48,I0.730
N16[0].49,I0.731
N16[0].50,I0.732
N16[0].51,I0.733
N16[0].52,I0.734
N16[0].53,I0.735
N16[0].23,I0.736
N16[0].24,I0.737
N16[0].25,I0.738
N16[0].26,I0.739
N16[0].27,I0.740
N16[0].28,I0.741
N16[0].29,I0.742
N16[0].30,I0.743
N16[0].31,I0.744
N16[0].32,I0.745
N16[0].33,I0.746
N16[0].34,I0.747
N16[0].35,I0.748
N16[0].36,I0.749
N16[0].37,I0.750
N16[0].38,I0.751
N16[0].39,I0.752
N16[0].40,I0.753
N16[0].41,I0.754
N16[0].42,I0.755
N16[0].43,I0.756
N16[0].44,I0.757
N16[0].45,I0.758
N16[0].46,I0.759
N16[0].45,I0.760
N16[0].48,I0.761
N16[0].49,I0.762
N16[0].50,I0.763
N16[0].51,I0.764
N16[0].52,I0.765
N16[0].53,I0.766
N16[0].54,I0.767
N16[0].24,I0.768
N16[0].25,I0.769
N16[0].26,I0.770
N16[0].27,I0.771
N16[0].28,I0.772
N16[0].29,I0.773
N16[0].30,I0.774
N16[0].31,I0.775
N16[0].32,I0.776
N16[0].33,I0.777
N16[0].34,I0.778
N16[0].35,I0.779
N16[0].36,I0.780
N16[0].37,I0.781
N16[0].38,I0.782
N16[0].39,I0.783
N16[0].40,I0.784
N16[0].41,I0.785
N16[0].42,I0.786
N16[0].43,I0.787
N16[0].44,I0.788
N16[0].45,I0.789
N16[0].46,I0.790
N16[0].47,I0.791
N16[0].46,I0.792
N16[0].49,I0.793
N16[0].50,I0.794
N16[0].51,I0.795
N16[0].52,I0.796
N16[0].53,I0.797
N16[0].54,I0.798
N16[0].55,I0.799
N16[0].25,I0.800
N16[0].26,I0.801
N16[0].27,I0.802
N16[0].28,I0.803
N16[0].29,I0.804
N16[0].30,I0.805
N16[0].31,I0.806
N16[0].32,I0.807
N16[0].33,I0.808
N16[0].34,I0.809
N16[0].35,I0.810
N16[0].36,I0.811
N16[0].37,I0.812
N16[0].38,I0.813
N16[0].39,I0.814
N16[0].40,I0.815
N16[0].41,I0.816
N16[0].42,I0.817
N16[0].43,I0.818
N16[0].44,I0.819
N16[0].45,I0.820
N16[0].46,I0.821
N16[0].47,I0.822
N16[0].48,I0.823
N16[0].47,I0.824
N16[0].50,I0.825
N16[0].51,I0.826
N16[0].52,I0.827
N16[0].53,I0.828
N16[0].54,I0.829
N16[0].55,I0.830
N16[0].56,I0.831
N16[0].26,I0.832
N16[0].27,I0.833
N16[0].28,I0.834
N16[0].29,I0.835
N16[0].30,I0.836
N16[0].31,I0.837
N16[0].32,I0.838
N16[0].33,I0.839
N16[0].34,I0.840
N16[0].35,I0.841
N16[0].36,I0.842
N16[0].37,I0.843
N16[0].38,I0.844
N16[0].39,I0.845
N16[0].40,I0.846
N16[0].41,I0.847
N16[0].42,I0.848
N16[0].43,I0.849
N16[0].44,I0.850
N16[0].45,I0.851
N16[0].46,I0.852
N16[0].47,I0.853
N16[0].48,I0.854
N16[0].49,I0.855
N16[0].48,I0.856
N16[0].51,I0.857
N16[0].52,I0.858
N16[0].53,I0.859
N16[0].54,I0.860
N16[0].55,I0.861
N16[0].56,I0.862
N16[0].57,I0.863
N16[0].27,I0.864
N16[0].28,I0.865
N16[0].29,I0.866
N16[0].30,I0.867
N16[0].31,I0.868
N16[0].32,I0.869
N16[0].33,I0.870
N16[0].34,I0.871
N16[0].35,I0.872
N16[0].36,I0.873
N16[0].37,I0.874
N16[0].38,I0.875
N16[0].39,I0.876
N16[0].40,I0.877
N16[0].41,I0.878
N16[0].42,I0.879
N16[0].43,I0.880
N16[0].44,I0.881
N16[0].45,I0.882
N16[0].46,I0.883
N16[0].47,I0.884
N16[0].48,I0.885
N16[0].49,I0.886
N16[0].50,I0.887
N16[0].49,I0.888
N16[0].52,I0.889
N16[0].53,I0.890
N16[0].54,I0.891
N16[0].55,I0.892
N16[0].56,I0.893
N16[0].57,I0.894
N16[0].58,I0.895
N16[0].28,I0.896
N16[0].29,I0.897
N16[0].30,I0.898
N16[0].31,I0.899
N16[0].32,I0.900
N16[0].33,I0.901
N16[0].34,I0.902
N16[0].35,I0.903
N16[0].36,I0.904
N16[0].37,I0.905
N16[0].38,I0.906
N16[0].39,I0.907
N16[0].40,I0.908
N16[0].41,I0.909
N16[0].42,I0.910
N16[0].43,I0.911
N16[0].44,I0.912
N16[0].45,I0.913
N16[0].46,I0.914
N16[0].47,I0.915
N16[0].48,I0.916
N16[0].49,I0.917
N16[0].50,I0.918
N16[0].51,I0.919
N16[0].50,I0.920
N16[0].53,I0.921
N16[0].54,I0.922
N16[0].55,I0.923
N16[0].56,I0.924
N16[0].57,I0.925
N16[0].58,I0.926
N16[0].59,I0.927
N16[0].29,I0.928
N16[0].30,I0.929
N16[0].31,I0.930
N16[0].32,I0.931
N16[0].33,I0.932
N16[0].34,I0.933
N16[0].35,I0.934
N16[0].36,I0.935
N16[0].37,I0.936
N16[0].38,I0.937
N16[0].39,I0.938
N16[0].40,I0.939
N16[0].41,I0.940
N16[0].42,I0.941
N16[0].43,I0.942
N16[0].44,I0.943
N16[0].45,I0.944
N16[0].46,I0.945
N16[0].47,I0.946
N16[0].48,I0.947
N16[0].49,I0.948
N16[0].50,I0.949
N16[0].51,I0.950
N16[0].52,I0.951
N16[0].51,I0.952
N16[0].54,I0.953
N16[0].55,I0.954
N16[0].56,I0.955
N16[0].57,I0.956
N16[0].58,I0.957
N16[0].59,I0.958
N16[0].60,I0.959
N16[0].30,I0.960
N16[0].31,I0.961
N16[0].32,I0.962
N16[0].33,I0.963
N16[0].34,I0.964
N16[0].35,I0.965
N16[0].36,I0.966
N16[0].37,I0.967
N16[0].38,I0.968
N16[0].39,I0.969
N16[0].40,I0.970
N16[0].41,I0.971
N16[0].42,I0.972
N16[0].43,I0.973
N16[0].44,I0.974
N16[0].45,I0.975
N16[0].46,I0.976
N16[0].47,I0.977
N16[0].48,I0.978
N16[0].49,I0.979
N16[0].50,I0.980
N16[0].51,I0.981
N16[0].52,I0.982
N16[0].53,I0.983
N16[0].52,I0.984
N16[0].55,I0.985
N16[0].56,I0.986
N16[0].57,I0.987
N16[0].58,I0.988
N16[0].59,I0.989
N16[0].60,I0.990
N16[0].61,I0.991
N16[0].31,I0.992
N16[0].32,I0.993
N16[0].33,I0.994
N16[0].34,I0.995
N16[0].35,I0.996
N16[0].36,I0.997
N16[0].37,I0.998
N16[0].38,I0.999
N16[0].39,I0.1000
N16[0].40,I0.1001
N16[0].41,I0.1002
N16[0].42,I0.1003
N16[0].43,I0.1004
N16[0].44,I0.1005
N16[0].45,I0.1006
N16[0].46,I0.1007
N16[0].47,I0.1008
N16[0].48,I0.1009
N16[0].49,I0.1010
N16[0].50,I0.1011
N16[0].51,I0.1012
N16[0].52,I0.1013
N16[0].53,I0.1014
N16[0].54,I0.1015
N16[0].53,I0.1016
N16[0].56,I0.1017
N16[0].57,I0.1018
N16[0].58,I0.1019
N16[0].59,I0.1020
N16[0].60,I0.1021
N16[0].61,I0.1022
N16[0].62,I0.1023
N16[0].32,I0.1024
N16[0].33,I0.1025
N16[0].34,I0.1026
N16[0].35,I0.1027
N16[0].36,I0.1028
N16[0].37,I0.1029
N16[0].38,I0.1030
N16[0].39,I0.1031
N16[0].40,I0.1032
N16[0].41,I0.1033
N16[0].42,I0.1034
N16[0].43,I0.1035
N16[0].44,I0.1036
N16[0].45,I0.1037
N16[0].46,I0.1038
N16[0].47,I0.1039
N16[0].48,I0.1040
N16[0].49,I0.1041
N16[0].50,I0.1042
N16[0].51,I0.1043
N16[0].52,I0.1044
N16[0].53,I0.1045
N16[0].54,I0.1046
N16[0].55,I0.1047
N16[0].54,I0.1048
N16[0].57,I0.1049
N16[0].58,I0.1050
N16[0].59,I0.1051
N16[0].60,I0.1052
N16[0].61,I0.1053
N16[0].62,I0.1054
N16[0].63,I0.1055
N16[0].33,I0.1056
N16[0].34,I0.1057
N16[0].35,I0.1058
N16[0].36,I0.1059
N16[0].37,I0.1060
N16[0].38,I0.1061
N16[0].39,I0.1062
N16[0].40,I0.1063
N16[0].41,I0.1064
N16[0].42,I0.1065
N16[0].43,I0.1066
N16[0].44,I0.1067
N16[0].45,I0.1068
N16[0].46,I0.1069
N16[0].47,I0.1070
N16[0].48,I0.1071
N16[0].49,I0.1072
N16[0].50,I0.1073
N16[0].51,I0.1074
N16[0].52,I0.1075
N16[0].53,I0.1076
N16[0].54,I0.1077
N16[0].55,I0.1078
N16[0].56,I0.1079
N16[0].55,I0.1080
N16[0].58,I0.1081
N16[0].59,I0.1082
N16[0].60,I0.1083
N16[0].61,I0.1084
N16[0].62,I0.1085
N16[0].63,I0.1086
N16[0].64,I0.1087
N16[0].34,I0.1088
N16[0].35,I0.1089
N16[0].36,I0.1090
N16[0].37,I0.1091
N16[0].38,I0.1092
N16[0].39,I0.1093
N16[0].40,I0.1094
N16[0].41,I0.1095
N16[0].42,I0.1096
N16[0].43,I0.1097
N16[0].44,I0.1098
N16[0].45,I0.1099
N16[0].46,I0.1100
N16[0].47,I0.1101
N16[0].48,I0.1102
N16[0].49,I0.1103
N16[0].50,I0.1104
N16[0].51,I0.1105
N16[0].52,I0.1106
N16[0].53,I0.1107
N16[0].54,I0.1108
N16[0].55,I0.1109
N16[0].56,I0.1110
N16[0].57,I0.1111
N16[0].56,I0.1112
N16[0].59,I0.1113
N16[0].60,I0.1114
N16[0].61,I0.1115
N16[0].62,I0.1116
N16[0].63,I0.1117
N16[0].64,I0.1118
N16[0].65,I0.1119
N16[0].35,I0.1120
N16[0].36,I0.1121
N16[0].37,I0.1122
N16[0].38,I0.1123
N16[0].39,I0.1124
N16[0].40,I0.1125
N16[0].41,I0.1126
N16[0].42,I0.1127
N16[0].43,I0.1128
N16[0].44,I0.1129
N16[0].45,I0.1130
N16[0].46,I0.1131
N16[0].47,I0.1132
N16[0].48,I0.1133
N16[0].49,I0.1134
N16[0].50,I0.1135
N16[0].51,I0.1136
N16[0].52,I0.1137
N16[0].53,I0.1138
N16[0].54,I0.1139
N16[0].55,I0.1140
N16[0].56,I0.1141
N16[0].57,I0.1142
N16[0].58,I0.1143
N16[0].57,I0.1144
N16[0].60,I0.1145
N16[0].61,I0.1146
N16[0].62,I0.1147
N16[0].63,I0.1148
N16[0].64,I0.1149
N16[0].65,I0.1150
N16[0].66,I0.1151
N16[0].36,I0.1152
N16[0].37,I0.1153
N16[0].38,I0.1154
N16[0].39,I0.1155
N16[0].40,I0.1156
N16[0].41,I0.1157
N16[0].42,I0.1158
N16[0].43,I0.1159
N16[0].44,I0.1160
N16[0].45,I0.1161
N16[0].46,I0.1162
N16[0].47,I0.1163
N16[0].48,I0.1164
N16[0].49,I0.1165
N16[0].50,I0.1166
N16[0].51,I0.1167
N16[0].52,I0.1168
N16[0].53,I0.1169
N16[0].54,I0.1170
N16[0].55,I0.1171
N16[0].56,I0.1172
N16[0].57,I0.1173
N16[0].58,I0.1174
N16[0].59,I0.1175
N16[0].58,I0.1176
N16[0].61,I0.1177
N16[0].62,I0.1178
N16[0].63,I0.1179
N16[0].64,I0.1180
N16[0].65,I0.1181
N16[0].66,I0.1182
N16[0].67,I0.1183
N16[0].37,I0.1184
N16[0].38,I0.1185
N16[0].39,I0.1186
N16[0].40,I0.1187
N16[0].41,I0.1188
N16[0].42,I0.1189
N16[0].43,I0.1190
N16[0].44,I0.1191
N16[0].45,I0.1192
N16[0].46,I0.1193
N16[0].47,I0.1194
N16[0].48,I0.1195
N16[0].49,I0.1196
N16[0].50,I0.1197
N16[0].51,I0.1198
N16[0].52,I0.1199
N16[0].53,I0.1200
N16[0].54,I0.1201
N16[0].55,I0.1202
N16[0].56,I0.1203
N16[0].57,I0.1204
N16[0].58,I0.1205
N16[0].59,I0.1206
N16[0].60,I0.1207
N16[0].59,I0.1208
N16[0].62,I0.1209
N16[0].63,I0.1210
N16[0].64,I0.1211
N16[0].65,I0.1212
N16[0].66,I0.1213
N16[0].67,I0.1214
N16[0].68,I0.1215
N16[0].38,I0.1216
N16[0].39,I0.1217
N16[0].40,I0.1218
N16[0].41,I0.1219
N16[0].42,I0.1220
N16[0].43,I0.1221
N16[0].44,I0.1222
N16[0].45,I0.1223
N16[0].46,I0.1224
N16[0].47,I0.1225
N16[0].48,I0.1226
N16[0].49,I0.1227
N16[0].50,I0.1228
N16[0].51,I0.1229
N16[0].52,I0.1230
N16[0].53,I0.1231
N16[0].54,I0.1232
N16[0].55,I0.1233
N16[0].56,I0.1234
N16[0].57,I0.1235
N16[0].58,I0.1236
N16[0].59,I0.1237
N16[0].60,I0.1238
N16[0].61,I0.1239
N16[0].60,I0.1240
N16[0].63,I0.1241
N16[0].64,I0.1242
N16[0].65,I0.1243
N16[0].66,I0.1244
N16[0].67,I0.1245
N16[0].68,I0.1246
N16[0].69,I0.1247
N16[0].39,I0.1248
N16[0].40,I0.1249
N16[0].41,I0.1250
N16[0].42,I0.1251
N16[0].43,I0.1252
N16[0].44,I0.1253
N16[0].45,I0.1254
N16[0].46,I0.1255
N16[0].47,I0.1256
N16[0].48,I0.1257
N16[0].49,I0.1258
N16[0].50,I0.1259
N16[0].51,I0.1260
N16[0].52,I0.1261
N16[0].53,I0.1262
N16[0].54,I0.1263
N16[0].55,I0.1264
N16[0].56,I0.1265
N16[0].57,I0.1266
N16[0].58,I0.1267
N16[0].59,I0.1268
N16[0].60,I0.1269
N16[0].61,I0.1270
N16[0].62,I0.1271
N16[0].61,I0.1272
N16[0].64,I0.1273
N16[0].65,I0.1274
N16[0].66,I0.1275
N16[0].67,I0.1276
N16[0].68,I0.1277
N16[0].69,I0.1278
N16[0].70,I0.1279
N16[0].40,I0.1280
N16[0].41,I0.1281
N16[0].42,I0.1282
N16[0].43,I0.1283
N16[0].44,I0.1284
N16[0].45,I0.1285
N16[0].46,I0.1286
N16[0].47,I0.1287
N16[0].48,I0.1288
N16[0].49,I0.1289
N16[0].50,I0.1290
N16[0].51,I0.1291
N16[0].52,I0.1292
N16[0].53,I0.1293
N16[0].54,I0.1294
N16[0].55,I0.1295
N16[0].56,I0.1296
N16[0].57,I0.1297
N16[0].58,I0.1298
N16[0].59,I0.1299
N16[0].60,I0.1300
N16[0].61,I0.1301
N16[0].62,I0.1302
N16[0].63,I0.1303
N16[0].62,I0.1304
N16[0].65,I0.1305
N16[0].66,I0.1306
N16[0].67,I0.1307
N16[0].68,I0.1308
N16[0].69,I0.1309
N16[0].70,I0.1310
N16[0].71,I0.1311
N16[0].41,I0.1312
N16[0].42,I0.1313
N16[0].43,I0.1314
N16[0].44,I0.1315
N16[0].45,I0.1316
N16[0].46,I0.1317
N16[0].47,I0.1318
N16[0].48,I0.1319
N16[0].49,I0.1320
N16[0].50,I0.1321
N16[0].51,I0.1322
N16[0].52,I0.1323
N16[0].53,I0.1324
N16[0].54,I0.1325
N16[0].55,I0.1326
N16[0].56,I0.1327
N16[0].57,I0.1328
N16[0].58,I0.1329
N16[0].59,I0.1330
N16[0].60,I0.1331
N16[0].61,I0.1332
N16[0].62,I0.1333
N16[0].63,I0.1334
N16[0].64,I0.1335
N16[0].63,I0.1336
N16[0].66,I0.1337
N16[0].67,I0.1338
N16[0].68,I0.1339
N16[0].69,I0.1340
N16[0].70,I0.1341
N16[0].71,I0.1342
N16[0].72,I0.1343
N16[0].42,I0.1344
N16[0].43,I0.1345
N16[0].44,I0.1346
N16[0].45,I0.1347
N16[0].46,I0.1348
N16[0].47,I0.1349
N16[0].48,I0.1350
N16[0].49,I0.1351
N16[0].50,I0.1352
N16[0].51,I0.1353
N16[0].52,I0.1354
N16[0].53,I0.1355
N16[0].54,I0.1356
N16[0].55,I0.1357
N16[0].56,I0.1358
N16[0].57,I0.1359
N16[0].58,I0.1360
N16[0].59,I0.1361
N16[0].60,I0.1362
N16[0].61,I0.1363
N16[0].62,I0.1364
N16[0].63,I0.1365
N16[0].64,I0.1366
N16[0].65,I0.1367
N16[0].64,I0.1368
N16[0].67,I0.1369
N16[0].68,I0.1370
N16[0].69,I0.1371
N16[0].70,I0.1372
N16[0].71,I0.1373
N16[0].72,I0.1374
N16[0].73,I0.1375
N16[0].43,I0.1376
N16[0].44,I0.1377
N16[0].45,I0.1378
N16[0].46,I0.1379
N16[0].47,I0.1380
N16[0].48,I0.1381
N16[0].49,I0.1382
N16[0].50,I0.1383
N16[0].51,I0.1384
N16[0].52,I0.1385
N16[0].53,I0.1386
N16[0].54,I0.1387
N16[0].55,I0.1388
N16[0].56,I0.1389
N16[0].57,I0.1390
N16[0].58,I0.1391
N16[0].59,I0.1392
N16[0].60,I0.1393
N16[0].61,I0.1394
N16[0].62,I0.1395
N16[0].63,I0.1396
N16[0].64,I0.1397
N16[0].65,I0.1398
N16[0].66,I0.1399
N16[0].65,I0.1400
N16[0].68,I0.1401
N16[0].69,I0.1402
N16[0].70,I0.1403
N16[0].71,I0.1404
N16[0].72,I0.1405
N16[0].73,I0.1406
N16[0].74,I0.1407
N16[0].44,I0.1408
N16[0].45,I0.1409
N16[0].46,I0.1410
N16[0].47,I0.1411
N16[0].48,I0.1412
N16[0].49,I0.1413
N16[0].50,I0.1414
N16[0].51,I0.1415
N16[0].52,I0.1416
N16[0].53,I0.1417
N16[0].54,I0.1418
N16[0].55,I0.1419
N16[0].56,I0.1420
N16[0].57,I0.1421
N16[0].58,I0.1422
N16[0].59,I0.1423
N16[0].60,I0.1424
N16[0].61,I0.1425
N16[0].62,I0.1426
N16[0].63,I0.1427
N16[0].64,I0.1428
N16[0].65,I0.1429
N16[0].66,I0.1430
N16[0].67,I0.1431
N16[0].66,I0.1432
N16[0].69,I0.1433
N16[0].70,I0.1434
N16[0].71,I0.1435
N16[0].72,I0.1436
N16[0].73,I0.1437
N16[0].74,I0.1438
N16[0].75,I0.1439
N16[0].45,I0.1440
N16[0].46,I0.1441
N16[0].47,I0.1442
N16[0].48,I0.1443
N16[0].49,I0.1444
N16[0].50,I0.1445
N16[0].51,I0.1446
N16[0].52,I0.1447
N16[0].53,I0.1448
N16[0].54,I0.1449
N16[0].55,I0.1450
N16[0].56,I0.1451
N16[0].57,I0.1452
N16[0].58,I0.1453
N16[0].59,I0.1454
N16[0].60,I0.1455
N16[0].61,I0.1456
N16[0].62,I0.1457
N16[0].63,I0.1458
N16[0].64,I0.1459
N16[0].65,I0.1460
N16[0].66,I0.1461
N16[0].67,I0.1462
N16[0].68,I0.1463
N16[0].67,I0.1464
N16[0].70,I0.1465
N16[0].71,I0.1466
N16[0].72,I0.1467
N16[0].73,I0.1468
N16[0].74,I0.1469
N16[0].75,I0.1470
N16[0].76,I0.1471
N16[0].46,I0.1472
N16[0].47,I0.1473
N16[0].48,I0.1474
N16[0].49,I0.1475
N16[0].50,I0.1476
N16[0].51,I0.1477
N16[0].52,I0.1478
N16[0].53,I0.1479
N16[0].54,I0.1480
N16[0].55,I0.1481
N16[0].56,I0.1482
N16[0].57,I0.1483
N16[0].58,I0.1484
N16[0].59,I0.1485
N16[0].60,I0.1486
N16[0].61,I0.1487
N16[0].62,I0.1488
N16[0].63,I0.1489
N16[0].64,I0.1490
N16[0].65,I0.1491
N16[0].66,I0.1492
N16[0].67,I0.1493
N16[0].68,I0.1494
N16[0].69,I0.1495
N16[0].68,I0.1496
N16[0].71,I0.1497
N16[0].72,I0.1498
N16[0].73,I0.1499
N16[0].74,I0.1500
N16[0].75,I0.1501
N16[0].76,I0.1502
N16[0].77,I0.1503
N16[0].47,I0.1504
N16[0].48,I0.1505
N16[0].49,I0.1506
N16[0].50,I0.1507
N16[0].51,I0.1508
N16[0].52,I0.1509
N16[0].53,I0.1510
N16[0].54,I0.1511
N16[0].55,I0.1512
N16[0].56,I0.1513
N16[0].57,I0.1514
N16[0].58,I0.1515
N16[0].59,I0.1516
N16[0].60,I0.1517
N16[0].61,I0.1518
N16[0].62,I0.1519
N16[0].63,I0.1520
N16[0].64,I0.1521
N16[0].65,I0.1522
N16[0].66,I0.1523
N16[0].67,I0.1524
N16[0].68,I0.1525
N16[0].69,I0.1526
N16[0].70,I0.1527
N16[0].69,I0.1528
N16[0].72,I0.1529
N16[0].73,I0.1530
N16[0].74,I0.1531
N16[0].75,I0.1532
N16[0].76,I0.1533
N16[0].77,I0.1534
N16[0].78,I0.1535
N16[0].48,I0.1536
N16[0].49,I0.1537
N16[0].50,I0.1538
N16[0].51,I0.1539
N16[0].52,I0.1540
N16[0].53,I0.1541
N16[0].54,I0.1542
N16[0].55,I0.1543
N16[0].56,I0.1544
N16[0].57,I0.1545
N16[0].58,I0.1546
N16[0].59,I0.1547
N16[0].60,I0.1548
N16[0].61,I0.1549
N16[0].62,I0.1550
N16[0].63,I0.1551
N16[0].64,I0.1552
N16[0].65,I0.1553
N16[0].66,I0.1554
N16[0].67,I0.1555
N16[0].68,I0.1556
N16[0].69,I0.1557
N16[0].70,I0.1558
N16[0].71,I0.1559
N16[0].70,I0.1560
N16[0].73,I0.1561
N16[0].74,I0.1562
N16[0].75,I0.1563
N16[0].76,I0.1564
N16[0].77,I0.1565
N16[0].78,I0.1566
N16[0].79,I0.1567
N16[0].49,I0.1568
N16[0].50,I0.1569
N16[0].51,I0.1570
N16[0].52,I0.1571
N16[0].53,I0.1572
N16[0].54,I0.1573
N16[0].55,I0.1574
N16[0].56,I0.1575
N16[0].57,I0.1576
N16[0].58,I0.1577
N16[0].59,I0.1578
N16[0].60,I0.1579
N16[0].61,I0.1580
N16[0].62,I0.1581
N16[0].63,I0.1582
N16[0].64,I0.1583
N16[0].65,I0.1584
N16[0].66,I0.1585
N16[0].67,I0.1586
N16[0].68,I0.1587
N16[0].69,I0.1588
N16[0].70,I0.1589
N16[0].71,I0.1590
N16[0].72,I0.1591
N16[0].71,I0.1592
N16[0].74,I0.1593
N16[0].75,I0.1594
N16[0].76,I0.1595
N16[0].77,I0.1596
N16[0].78,I0.1597
N16[0].79,I0.1598
N16[0].80,I0.1599
N16[0].50,I0.1600
N16[0].51,I0.1601
N16[0].52,I0.1602
N16[0].53,I0.1603
N16[0].54,I0.1604
N16[0].55,I0.1605
N16[0].56,I0.1606
N16[0].57,I0.1607
N16[0].58,I0.1608
N16[0].59,I0.1609
N16[0].60,I0.1610
N16[0].61,I0.1611
N16[0].62,I0.1612
N16[0].63,I0.1613
N16[0].64,I0.1614
N16[0].65,I0.1615
N16[0].66,I0.1616
N16[0].67,I0.1617
N16[0].68,I0.1618
N16[0].69,I0.1619
N16[0].70,I0.1620
N16[0].71,I0.1621
N16[0].72,I0.1622
N16[0].73,I0.1623
N16[0].72,I0.1624
N16[0].75,I0.1625
N16[0].76,I0.1626
N16[0].77,I0.1627
N16[0].78,I0.1628
N16[0].79,I0.1629
N16[0].80,I0.1630
N16[0].81,I0.1631
N16[0].51,I0.1632
N16[0].52,I0.1633
N16[0].53,I0.1634
N16[0].54,I0.1635
N16[0].55,I0.1636
N16[0].56,I0.1637
N16[0].57,I0.1638
N16[0].58,I0.1639
N16[0].59,I0.1640
N16[0].60,I0.1641
N16[0].61,I0.1642
N16[0].62,I0.1643
N16[0].63,I0.1644
N16[0].64,I0.1645
N16[0].65,I0.1646
N16[0].66,I0.1647
N16[0].67,I0.1648
N16[0].68,I0.1649
N16[0].69,I0.1650
N16[0].70,I0.1651
N16[0].71,I0.1652
N16[0].72,I0.1653
N16[0].73,I0.1654
N16[0].74,I0.1655
N16[0].73,I0.1656
N16[0].76,I0.1657
N16[0].77,I0.1658
N16[0].78,I0.1659
N16[0].79,I0.1660
N16[0].80,I0.1661
N16[0].81,I0.1662
N16[0].82,I0.1663
N16[0].52,I0.1664
N16[0].53,I0.1665
N16[0].54,I0.1666
N16[0].55,I0.1667
N16[0].56,I0.1668
N16[0].57,I0.1669
N16[0].58,I0.1670
N16[0].59,I0.1671
N16[0].60,I0.1672
N16[0].61,I0.1673
N16[0].62,I0.1674
N16[0].63,I0.1675
N16[0].64,I0.1676
N16[0].65,I0.1677
N16[0].66,I0.1678
N16[0].67,I0.1679
N16[0].68,I0.1680
N16[0].69,I0.1681
N16[0].70,I0.1682
N16[0].71,I0.1683
N16[0].72,I0.1684
N16[0].73,I0.1685
N16[0].74,I0.1686
N16[0].75,I0.1687
N16[0].74,I0.1688
N16[0].77,I0.1689
N16[0].78,I0.1690
N16[0].79,I0.1691
N16[0].80,I0.1692
N16[0].81,I0.1693
N16[0].82,I0.1694
N16[0].83,I0.1695
N16[0].53,I0.1696
N16[0].54,I0.1697
N16[0].55,I0.1698
N16[0].56,I0.1699
N16[0].57,I0.1700
N16[0].58,I0.1701
N16[0].59,I0.1702
N16[0].60,I0.1703
N16[0].61,I0.1704
N16[0].62,I0.1705
N16[0].63,I0.1706
N16[0].64,I0.1707
N16[0].65,I0.1708
N16[0].66,I0.1709
N16[0].67,I0.1710
N16[0].68,I0.1711
N16[0].69,I0.1712
N16[0].70,I0.1713
N16[0].71,I0.1714
N16[0].72,I0.1715
N16[0].73,I0.1716
N16[0].74,I0.1717
N16[0].75,I0.1718
N16[0].76,I0.1719
N16[0].75,I0.1720
N16[0].78,I0.1721
N16[0].79,I0.1722
N16[0].80,I0.1723
N16[0].81,I0.1724
N16[0].82,I0.1725
N16[0].83,I0.1726
N16[0].84,I0.1727
N16[0].54,I0.1728
N16[0].55,I0.1729
N16[0].56,I0.1730
N16[0].57,I0.1731
N16[0].58,I0.1732
N16[0].59,I0.1733
N16[0].60,I0.1734
N16[0].61,I0.1735
N16[0].62,I0.1736
N16[0].63,I0.1737
N16[0].64,I0.1738
N16[0].65,I0.1739
N16[0].66,I0.1740
N16[0].67,I0.1741
N16[0].68,I0.1742
N16[0].69,I0.1743
N16[0].70,I0.1744
N16[0].71,I0.1745
N16[0].72,I0.1746
N16[0].73,I0.1747
N16[0].74,I0.1748
N16[0].75,I0.1749
N16[0].76,I0.1750
N16[0].77,I0.1751
N16[0].76,I0.1752
N16[0].79,I0.1753
N16[0].80,I0.1754
N16[0].81,I0.1755
N16[0].82,I0.1756
N16[0].83,I0.1757
N16[0].84,I0.1758
N16[0].85,I0.1759
N16[0].55,I0.1760
N16[0].56,I0.1761
N16[0].57,I0.1762
N16[0].58,I0.1763
N16[0].59,I0.1764
N16[0].60,I0.1765
N16[0].61,I0.1766
N16[0].62,I0.1767
N16[0].63,I0.1768
N16[0].64,I0.1769
N16[0].65,I0.1770
N16[0].66,I0.1771
N16[0].67,I0.1772
N16[0].68,I0.1773
N16[0].69,I0.1774
N16[0].70,I0.1775
N16[0].71,I0.1776
N16[0].72,I0.1777
N16[0].73,I0.1778
N16[0].74,I0.1779
N16[0].75,I0.1780
N16[0].76,I0.1781
N16[0].77,I0.1782
N16[0].78,I0.1783
N16[0].77,I0.1784
N16[0].80,I0.1785
N16[0].81,I0.1786
N16[0].82,I0.1787
N16[0].83,I0.1788
N16[0].84,I0.1789
N16[0].85,I0.1790
N16[0].86,I0.1791
N16[0].56,I0.1792
N16[0].57,I0.1793
N16[0].58,I0.1794
N16[0].59,I0.1795
N16[0].60,I0.1796
N16[0].61,I0.1797
N16[0].62,I0.1798
N16[0].63,I0.1799
N16[0].64,I0.1800
N16[0].65,I0.1801
N16[0].66,I0.1802
N16[0].67,I0.1803
N16[0].68,I0.1804
N16[0].69,I0.1805
N16[0].70,I0.1806
N16[0].71,I0.1807
N16[0].72,I0.1808
N16[0].73,I0.1809
N16[0].74,I0.1810
N16[0].75,I0.1811
N16[0].76,I0.1812
N16[0].77,I0.1813
N16[0].78,I0.1814
N16[0].79,I0.1815
N16[0].78,I0.1816
N16[0].81,I0.1817
N16[0].82,I0.1818
N16[0].83,I0.1819
N16[0].84,I0.1820
N16[0].85,I0.1821
N16[0].86,I0.1822
N16[0].87,I0.1823
N16[0].57,I0.1824
N16[0].58,I0.1825
N16[0].59,I0.1826
N16[0].60,I0.1827
N16[0].61,I0.1828
N16[0].62,I0.1829
N16[0].63,I0.1830
N16[0].64,I0.1831
N16[0].65,I0.1832
N16[0].66,I0.1833
N16[0].67,I0.1834
N16[0].68,I0.1835
N16[0].69,I0.1836
N16[0].70,I0.1837
N16[0].71,I0.1838
N16[0].72,I0.1839
N16[0].73,I0.1840
N16[0].74,I0.1841
N16[0].75,I0.1842
N16[0].76,I0.1843
N16[0].77,I0.1844
N16[0].78,I0.1845
N16[0].79,I0.1846
N16[0].80,I0.1847
N16[0].79,I0.1848
N16[0].82,I0.1849
N16[0].83,I0.1850
N16[0].84,I0.1851
N16[0].85,I0.1852
N16[0].86,I0.1853
N16[0].87,I0.1854
N16[0].88,I0.1855
N16[0].58,I0.1856
N16[0].59,I0.1857
N16[0].60,I0.1858
N16[0].61,I0.1859
N16[0].62,I0.1860
N16[0].63,I0.1861
N16[0].64,I0.1862
N16[0].65,I0.1863
N16[0].66,I0.1864
N16[0].67,I0.1865
N16[0].68,I0.1866
N16[0].69,I0.1867
N16[0].70,I0.1868
N16[0].71,I0.1869
N16[0].72,I0.1870
N16[0].73,I0.1871
N16[0].74,I0.1872
N16[0].75,I0.1873
N16[0].76,I0.1874
N16[0].77,I0.1875
N16[0].78,I0.1876
N16[0].79,I0.1877
N16[0].80,I0.1878
N16[0].81,I0.1879
N16[0].80,I0.1880
N16[0].83,I0.1881
N16[0].84,I0.1882
N16[0].85,I0.1883
N16[0].86,I0.1884
N16[0].87,I0.1885
N16[0].88,I0.1886
N16[0].89,I0.1887
N16[0].59,I0.1888
N16[0].60,I0.1889
N16[0].61,I0.1890
N16[0].62,I0.1891
N16[0].63,I0.1892
N16[0].64,I0.1893
N16[0].65,I0.1894
N16[0].66,I0.1895
N16[0].67,I0.1896
N16[0].68,I0.1897
N16[0].69,I0.1898
N16[0].70,I0.1899
N16[0].71,I0.1900
N16[0].72,I0.1901
N16[0].73,I0.1902
N16[0].74,I0.1903
N16[0].75,I0.1904
N16[0].76,I0.1905
N16[0].77,I0.1906
N16[0].78,I0.1907
N16[0].79,I0.1908
N16[0].80,I0.1909
N16[0].81,I0.1910
N16[0].82,I0.1911
N16[0].81,I0.1912
N16[0].84,I0.1913
N16[0].85,I0.1914
N16[0].86,I0.1915
N16[0].87,I0.1916
N16[0].88,I0.1917
N16[0].89,I0.1918
N16[0].90,I0.1919
N16[0].60,I0.1920
N16[0].61,I0.1921
N16[0].62,I0.1922
N16[0].63,I0.1923
N16[0].64,I0.1924
N16[0].65,I0.1925
N16[0].66,I0.1926
N16[0].67,I0.1927
N16[0].68,I0.1928
N16[0].69,I0.1929
N16[0].70,I0.1930
N16[0].71,I0.1931
N16[0].72,I0.1932
N16[0].73,I0.1933
N16[0].74,I0.1934
N16[0].75,I0.1935
N16[0].76,I0.1936
N16[0].77,I0.1937
N16[0].78,I0.1938
N16[0].79,I0.1939
N16[0].80,I0.1940
N16[0].81,I0.1941
N16[0].82,I0.1942
N16[0].83,I0.1943
N16[0].82,I0.1944
N16[0].85,I0.1945
N16[0].86,I0.1946
N16[0].87,I0.1947
N16[0].88,I0.1948
N16[0].89,I0.1949
N16[0].90,I0.1950
N16[0].91,I0.1951
N16[0].61,I0.1952
N16[0].62,I0.1953
N16[0].63,I0.1954
N16[0].64,I0.1955
N16[0].65,I0.1956
N16[0].66,I0.1957
N16[0].67,I0.1958
N16[0].68,I0.1959
N16[0].69,I0.1960
N16[0].70,I0.1961
N16[0].71,I0.1962
N16[0].72,I0.1963
N16[0].73,I0.1964
N16[0].74,I0.1965
N16[0].75,I0.1966
N16[0].76,I0.1967
N16[0].77,I0.1968
N16[0].78,I0.1969
N16[0].79,I0.1970
N16[0].80,I0.1971
N16[0].81,I0.1972
N16[0].82,I0.1973
N16[0].83,I0.1974
N16[0].84,I0.1975
N16[0].83,I0.1976
N16[0].86,I0.1977
N16[0].87,I0.1978
N16[0].88,I0.1979
N16[0].89,I0.1980
N16[0].90,I0.1981
N16[0].91,I0.1982
N16[0].92,I0.1983
N16[0].62,I0.1984
N16[0].63,I0.1985
N16[0].64,I0.1986
N16[0].65,I0.1987
N16[0].66,I0.1988
N16[0].67,I0.1989
N16[0].68,I0.1990
N16[0].69,I0.1991
N16[0].70,I0.1992
N16[0].71,I0.1993
N16[0].72,I0.1994
N16[0].73,I0.1995
N16[0].74,I0.1996
N16[0].75,I0.1997
N16[0].76,I0.1998
N16[0].77,I0.1999
N16[0].78,I0.2000
N16[0].79,I0.2001
N16[0].80,I0.2002
N16[0].81,I0.2003
N16[0].82,I0.2004
N16[0].83,I0.2005
N16[0].84,I0.2006
N16[0].85,I0.2007
N16[0].84,I0.2008
N16[0].87,I0.2009
N16[0].88,I0.2010
N16[0].89,I0.2011
N16[0].90,I0.2012
N16[0].91,I0.2013
N16[0].92,I0.2014
N16[0].93,I0.2015
N16[0].63,I0.2016
N16[0].64,I0.2017
N16[0].65,I0.2018
N16[0].66,I0.2019
N16[0].67,I0.2020
N16[0].68,I0.2021
N16[0].69,I0.2022
N16[0].70,I0.2023
N16[0].71,I0.2024
N16[0].72,I0.2025
N16[0].73,I0.2026
N16[0].74,I0.2027
N16[0].75,I0.2028
N16[0].76,I0.2029
N16[0].77,I0.2030
N16[0].78,I0.2031
N16[0].79,I0.2032
N16[0].80,I0.2033
N16[0].81,I0.2034
N16[0].82,I0.2035
N16[0].83,I0.2036
N16[0].84,I0.2037
N16[0].85,I0.2038
N16[0].86,I0.2039
N16[0].85,I0.2040
N16[0].88,I0.2041
N16[0].89,I0.2042
N16[0].90,I0.2043
N16[0].91,I0.2044
N16[0].92,I0.2045
N16[0].93,I0.2046
N16[0].94,I0.2047
N16[0].64,I0.2048
N16[0].65,I0.2049
N16[0].66,I0.2050
N16[0].67,I0.2051
N16[0].68,I0.2052
N16[0].69,I0.2053
N16[0].70,I0.2054
N16[0].71,I0.2055
N16[0].72,I0.2056
N16[0].73,I0.2057
N16[0].74,I0.2058
N16[0].75,I0.2059
N16[0].76,I0.2060
N16[0].77,I0.2061
N16[0].78,I0.2062
N16[0].79,I0.2063
N16[0].80,I0.2064
N16[0].81,I0.2065
N16[0].82,I0.2066
N16[0].83,I0.2067
N16[0].84,I0.2068
N16[0].85,I0.2069
N16[0].86,I0.2070
N16[0].87,I0.2071
N16[0].86,I0.2072
N16[0].89,I0.2073
N16[0].90,I0.2074
N16[0].91,I0.2075
N16[0].92,I0.2076
N16[0].93,I0.2077
N16[0].94,I0.2078
N16[0].95,I0.2079
N16[0].65,I0.2080
N16[0].66,I0.2081
N16[0].67,I0.2082
N16[0].68,I0.2083
N16[0].69,I0.2084
N16[0].70,I0.2085
N16[0].71,I0.2086
N16[0].72,I0.2087
N16[0].73,I0.2088
N16[0].74,I0.2089
N16[0].75,I0.2090
N16[0].76,I0.2091
N16[0].77,I0.2092
N16[0].78,I0.2093
N16[0].79,I0.2094
N16[0].80,I0.2095
N16[0].81,I0.2096
N16[0].82,I0.2097
N16[0].83,I0.2098
N16[0].84,I0.2099
N16[0].85,I0.2100
N16[0].86,I0.2101
N16[0].87,I0.2102
N16[0].88,I0.2103
N16[0].87,I0.2104
N16[0].90,I0.2105
N16[0].91,I0.2106
N16[0].92,I0.2107
N16[0].93,I0.2108
N16[0].94,I0.2109
N16[0].95,I0.2110
N16[0].96,I0.2111
N16[0].66,I0.2112
N16[0].67,I0.2113
N16[0].68,I0.2114
N16[0].69,I0.2115
N16[0].70,I0.2116
N16[0].71,I0.2117
N16[0].72,I0.2118
N16[0].73,I0.2119
N16[0].74,I0.2120
N16[0].75,I0.2121
N16[0].76,I0.2122
N16[0].77,I0.2123
N16[0].78,I0.2124
N16[0].79,I0.2125
N16[0].80,I0.2126
N16[0].81,I0.2127
N16[0].82,I0.2128
N16[0].83,I0.2129
N16[0].84,I0.2130
N16[0].85,I0.2131
N16[0].86,I0.2132
N16[0].87,I0.2133
N16[0].88,I0.2134
N16[0].89,I0.2135
N16[0].88,I0.2136
N16[0].91,I0.2137
N16[0].92,I0.2138
N16[0].93,I0.2139
N16[0].94,I0.2140
N16[0].95,I0.2141
N16[0].96,I0.2142
N16[0].97,I0.2143
N16[0].67,I0.2144
N16[0].68,I0.2145
N16[0].69,I0.2146
N16[0].70,I0.2147
N16[0].71,I0.2148
N16[0].72,I0.2149
N16[0].73,I0.2150
N16[0].74,I0.2151
N16[0].75,I0.2152
N16[0].76,I0.2153
N16[0].77,I0.2154
N16[0].78,I0.2155
N16[0].79,I0.2156
N16[0].80,I0.2157
N16[0].81,I0.2158
N16[0].82,I0.2159
N16[0].83,I0.2160
N16[0].84,I0.2161
N16[0].85,I0.2162
N16[0].86,I0.2163
N16[0].87,I0.2164
N16[0].88,I0.2165
N16[0].89,I0.2166
N16[0].90,I0.2167
N16[0].89,I0.2168
N16[0].92,I0.2169
N16[0].93,I0.2170
N16[0].94,I0.2171
N16[0].95,I0.2172
N16[0].96,I0.2173
N16[0].97,I0.2174
N16[0].98,I0.2175
N16[0].68,I0.2176
N16[0].69,I0.2177
N16[0].70,I0.2178
N16[0].71,I0.2179
N16[0].72,I0.2180
N16[0].73,I0.2181
N16[0].74,I0.2182
N16[0].75,I0.2183
N16[0].76,I0.2184
N16[0].77,I0.2185
N16[0].78,I0.2186
N16[0].79,I0.2187
N16[0].80,I0.2188
N16[0].81,I0.2189
N16[0].82,I0.2190
N16[0].83,I0.2191
N16[0].84,I0.2192
N16[0].85,I0.2193
N16[0].86,I0.2194
N16[0].87,I0.2195
N16[0].88,I0.2196
N16[0].89,I0.2197
N16[0].90,I0.2198
N16[0].91,I0.2199
N16[0].90,I0.2200
N16[0].93,I0.2201
N16[0].94,I0.2202
N16[0].95,I0.2203
N16[0].96,I0.2204
N16[0].97,I0.2205
N16[0].98,I0.2206
N16[0].99,I0.2207
N16[0].69,I0.2208
N16[0].70,I0.2209
N16[0].71,I0.2210
N16[0].72,I0.2211
N16[0].73,I0.2212
N16[0].74,I0.2213
N16[0].75,I0.2214
N16[0].76,I0.2215
N16[0].77,I0.2216
N16[0].78,I0.2217
N16[0].79,I0.2218
N16[0].80,I0.2219
N16[0].81,I0.2220
N16[0].82,I0.2221
N16[0].83,I0.2222
N16[0].84,I0.2223
N16[0].85,I0.2224
N16[0].86,I0.2225
N16[0].87,I0.2226
N16[0].88,I0.2227
N16[0].89,I0.2228
N16[0].90,I0.2229
N16[0].91,I0.2230
N16[0].92,I0.2231
N16[0].91,I0.2232
N16[0].94,I0.2233
N16[0].95,I0.2234
N16[0].96,I0.2235
N16[0].97,I0.2236
N16[0].98,I0.2237
N16[0].99,I0.2238
N16[0].100,I0.2239
N16[0].70,I0.2240
N16[0].71,I0.2241
N16[0].72,I0.2242
N16[0].73,I0.2243
N16[0].74,I0.2244
N16[0].75,I0.2245
N16[0].76,I0.2246
N16[0].77,I0.2247
N16[0].78,I0.2248
N16[0].79,I0.2249
N16[0].80,I0.2250
N16[0].81,I0.2251
N16[0].82,I0.2252
N16[0].83,I0.2253
N16[0].84,I0.2254
N16[0].85,I0.2255
N16[0].86,I0.2256
N16[0].87,I0.2257
N16[0].88,I0.2258
N16[0].89,I0.2259
N16[0].90,I0.2260
N16[0].91,I0.2261
N16[0].92,I0.2262
N16[0].93,I0.2263
N16[0].92,I0.2264
N16[0].95,I0.2265
N16[0].96,I0.2266
N16[0].97,I0.2267
N16[0].98,I0.2268
N16[0].99,I0.2269
N16[0].100,I0.2270
N16[0].101,I0.2271
N16[0].71,I0.2272
N16[0].72,I0.2273
N16[0].73,I0.2274
N16[0].74,I0.2275
N16[0].75,I0.2276
N16[0].76,I0.2277
N16[0].77,I0.2278
N16[0].78,I0.2279
N16[0].79,I0.2280
N16[0].80,I0.2281
N16[0].81,I0.2282
N16[0].82,I0.2283
N16[0].83,I0.2284
N16[0].84,I0.2285
N16[0].85,I0.2286
N16[0].86,I0.2287
N16[0].87,I0.2288
N16[0].88,I0.2289
N16[0].89,I0.2290
N16[0].90,I0.2291
N16[0].91,I0.2292
N16[0].92,I0.2293
N16[0].93,I0.2294
N16[0].94,I0.2295
N16[0].93,I0.2296
N16[0].96,I0.2297
N16[0].97,I0.2298
N16[0].98,I0.2299
N16[0].99,I0.2300
N16[0].100,I0.2301
N16[0].101,I0.2302
N16[0].102,I0.2303
N16[0].72,I0.2304
N16[0].73,I0.2305
N16[0].74,I0.2306
N16[0].75,I0.2307
N16[0].76,I0.2308
N16[0].77,I0.2309
N16[0].78,I0.2310
N16[0].79,I0.2311
N16[0].80,I0.2312
N16[0].81,I0.2313
N16[0].82,I0.2314
N16[0].83,I0.2315
N16[0].84,I0.2316
N16[0].85,I0.2317
N16[0].86,I0.2318
N16[0].87,I0.2319
N16[0].88,I0.2320
N16[0].89,I0.2321
N16[0].90,I0.2322
N16[0].91,I0.2323
N16[0].92,I0.2324
N16[0].93,I0.2325
N16[0].94,I0.2326
N16[0].95,I0.2327
N16[0].94,I0.2328
N16[0].97,I0.2329
N16[0].98,I0.2330
N16[0].99,I0.2331
N16[0].100,I0.2332
N16[0].101,I0.2333
N16[0].102,I0.2334
N16[0].103,I0.2335
N16[0].73,I0.2336
N16[0].74,I0.2337
N16[0].75,I0.2338
N16[0].76,I0.2339
N16[0].77,I0.2340
N16[0].78,I0.2341
N16[0].79,I0.2342
N16[0].80,I0.2343
N16[0].81,I0.2344
N16[0].82,I0.2345
N16[0].83,I0.2346
N16[0].84,I0.2347
N16[0].85,I0.2348
N16[0].86,I0.2349
N16[0].87,I0.2350
N16[0].88,I0.2351
N16[0].89,I0.2352
N16[0].90,I0.2353
N16[0].91,I0.2354
N16[0].92,I0.2355
N16[0].93,I0.2356
N16[0].94,I0.2357
N16[0].95,I0.2358
N16[0].96,I0.2359
N16[0].95,I0.2360
N16[0].98,I0.2361
N16[0].99,I0.2362
N16[0].100,I0.2363
N16[0].101,I0.2364
N16[0].102,I0.2365
N16[0].103,I0.2366
N16[0].104,I0.2367
N16[0].74,I0.2368
N16[0].75,I0.2369
N16[0].76,I0.2370
N16[0].77,I0.2371
N16[0].78,I0.2372
N16[0].79,I0.2373
N16[0].80,I0.2374
N16[0].81,I0.2375
N16[0].82,I0.2376
N16[0].83,I0.2377
N16[0].84,I0.2378
N16[0].85,I0.2379
N16[0].86,I0.2380
N16[0].87,I0.2381
N16[0].88,I0.2382
N16[0].89,I0.2383
N16[0].90,I0.2384
N16[0].91,I0.2385
N16[0].92,I0.2386
N16[0].93,I0.2387
N16[0].94,I0.2388
N16[0].95,I0.2389
N16[0].96,I0.2390
N16[0].97,I0.2391
N16[0].96,I0.2392
N16[0].99,I0.2393
N16[0].100,I0.2394
N16[0].101,I0.2395
N16[0].102,I0.2396
N16[0].103,I0.2397
N16[0].104,I0.2398
N16[0].105,I0.2399
N16[0].75,I0.2400
N16[0].76,I0.2401
N16[0].77,I0.2402
N16[0].78,I0.2403
N16[0].79,I0.2404
N16[0].80,I0.2405
N16[0].81,I0.2406
N16[0].82,I0.2407
N16[0].83,I0.2408
N16[0].84,I0.2409
N16[0].85,I0.2410
N16[0].86,I0.2411
N16[0].87,I0.2412
N16[0].88,I0.2413
N16[0].89,I0.2414
N16[0].90,I0.2415
N16[0].91,I0.2416
N16[0].92,I0.2417
N16[0].93,I0.2418
N16[0].94,I0.2419
N16[0].95,I0.2420
N16[0].96,I0.2421
N16[0].97,I0.2422
N16[0].98,I0.2423
N16[0].97,I0.2424
N16[0].100,I0.2425
N16[0].101,I0.2426
N16[0].102,I0.2427
N16[0].103,I0.2428
N16[0].104,I0.2429
N16[0].105,I0.2430
N16[0].106,I0.2431
N16[0].76,I0.2432
N16[0].77,I0.2433
N16[0].78,I0.2434
N16[0].79,I0.2435
N16[0].80,I0.2436
N16[0].81,I0.2437
N16[0].82,I0.2438
N16[0].83,I0.2439
N16[0].84,I0.2440
N16[0].85,I0.2441
N16[0].86,I0.2442
N16[0].87,I0.2443
N16[0].88,I0.2444
N16[0].89,I0.2445
N16[0].90,I0.2446
N16[0].91,I0.2447
N16[0].92,I0.2448
N16[0].93,I0.2449
N16[0].94,I0.2450
N16[0].95,I0.2451
N16[0].96,I0.2452
N16[0].97,I0.2453
N16[0].98,I0.2454
N16[0].99,I0.2455
N16[0].98,I0.2456
N16[0].101,I0.2457
N16[0].102,I0.2458
N16[0].103,I0.2459
N16[0].104,I0.2460
N16[0].105,I0.2461
N16[0].106,I0.2462
N16[0].107,I0.2463
N16[0].77,I0.2464
N16[0].78,I0.2465
N16[0].79,I0.2466
N16[0].80,I0.2467
N16[0].81,I0.2468
N16[0].82,I0.2469
N16[0].83,I0.2470
N16[0].84,I0.2471
N16[0].85,I0.2472
N16[0].86,I0.2473
N16[0].87,I0.2474
N16[0].88,I0.2475
N16[0].89,I0.2476
N16[0].90,I0.2477
N16[0].91,I0.2478
N16[0].92,I0.2479
N16[0].93,I0.2480
N16[0].94,I0.2481
N16[0].95,I0.2482
N16[0].96,I0.2483
N16[0].97,I0.2484
N16[0].98,I0.2485
N16[0].99,I0.2486
N16[0].100,I0.2487
N16[0].99,I0.2488
N16[0].102,I0.2489
N16[0].103,I0.2490
N16[0].104,I0.2491
N16[0].105,I0.2492
N16[0].106,I0.2493
N16[0].107,I0.2494
N16[0].108,I0.2495
N16[0].78,I0.2496
N16[0].79,I0.2497
N16[0].80,I0.2498
N16[0].81,I0.2499
N16[0].82,I0.2500
N16[0].83,I0.2501
N16[0].84,I0.2502
N16[0].85,I0.2503
N16[0].86,I0.2504
N16[0].87,I0.2505
N16[0].88,I0.2506
N16[0].89,I0.2507
N16[0].90,I0.2508
N16[0].91,I0.2509
N16[0].92,I0.2510
N16[0].93,I0.2511
N16[0].94,I0.2512
N16[0].95,I0.2513
N16[0].96,I0.2514
N16[0].97,I0.2515
N16[0].98,I0.2516
N16[0].99,I0.2517
N16[0].100,I0.2518
N16[0].101,I0.2519
N16[0].100,I0.2520
N16[0].103,I0.2521
N16[0].104,I0.2522
N16[0].105,I0.2523
N16[0].106,I0.2524
N16[0].107,I0.2525
N16[0].108,I0.2526
N16[0].109,I0.2527
N16[0].79,I0.2528
N16[0].80,I0.2529
N16[0].81,I0.2530
N16[0].82,I0.2531
N16[0].83,I0.2532
N16[0].84,I0.2533
N16[0].85,I0.2534
N16[0].86,I0.2535
N16[0].87,I0.2536
N16[0].88,I0.2537
N16[0].89,I0.2538
N16[0].90,I0.2539
N16[0].91,I0.2540
N16[0].92,I0.2541
N16[0].93,I0.2542
N16[0].94,I0.2543
N16[0].95,I0.2544
N16[0].96,I0.2545
N16[0].97,I0.2546
N16[0].98,I0.2547
N16[0].99,I0.2548
N16[0].100,I0.2549
N16[0].101,I0.2550
N16[0].102,I0.2551
N16[0].101,I0.2552
N16[0].104,I0.2553
N16[0].105,I0.2554
N16[0].106,I0.2555
N16[0].107,I0.2556
N16[0].108,I0.2557
N16[0].109,I0.2558
N16[0].110,I0.2559
N16[0].80,I0.2560
N16[0].81,I0.2561
N16[0].82,I0.2562
N16[0].83,I0.2563
N16[0].84,I0.2564
N16[0].85,I0.2565
N16[0].86,I0.2566
N16[0].87,I0.2567
N16[0].88,I0.2568
N16[0].89,I0.2569
N16[0].90,I0.2570
N16[0].91,I0.2571
N16[0].92,I0.2572
N16[0].93,I0.2573
N16[0].94,I0.2574
N16[0].95,I0.2575
N16[0].96,I0.2576
N16[0].97,I0.2577
N16[0].98,I0.2578
N16[0].99,I0.2579
N16[0].100,I0.2580
N16[0].101,I0.2581
N16[0].102,I0.2582
N16[0].103,I0.2583
N16[0].102,I0.2584
N16[0].105,I0.2585
N16[0].106,I0.2586
N16[0].107,I0.2587
N16[0].108,I0.2588
N16[0].109,I0.2589
N16[0].110,I0.2590
N16[0].111,I0.2591
N16[0].81,I0.2592
N16[0].82,I0.2593
N16[0].83,I0.2594
N16[0].84,I0.2595
N16[0].85,I0.2596
N16[0].86,I0.2597
N16[0].87,I0.2598
N16[0].88,I0.2599
N16[0].89,I0.2600
N16[0].90,I0.2601
N16[0].91,I0.2602
N16[0].92,I0.2603
N16[0].93,I0.2604
N16[0].94,I0.2605
N16[0].95,I0.2606
N16[0].96,I0.2607
N16[0].97,I0.2608
N16[0].98,I0.2609
N16[0].99,I0.2610
N16[0].100,I0.2611
N16[0].101,I0.2612
N16[0].102,I0.2613
N16[0].103,I0.2614
N16[0].104,I0.2615
N16[0].103,I0.2616
N16[0].106,I0.2617
N16[0].107,I0.2618
N16[0].108,I0.2619
N16[0].109,I0.2620
N16[0].110,I0.2621
N16[0].111,I0.2622
N16[0].112,I0.2623
N16[0].82,I0.2624
N16[0].83,I0.2625
N16[0].84,I0.2626
N16[0].85,I0.2627
N16[0].86,I0.2628
N16[0].87,I0.2629
N16[0].88,I0.2630
N16[0].89,I0.2631
N16[0].90,I0.2632
N16[0].91,I0.2633
N16[0].92,I0.2634
N16[0].93,I0.2635
N16[0].94,I0.2636
N16[0].95,I0.2637
N16[0].96,I0.2638
N16[0].97,I0.2639
N16[0].98,I0.2640
N16[0].99,I0.2641
N16[0].100,I0.2642
N16[0].101,I0.2643
N16[0].102,I0.2644
N16[0].103,I0.2645
N16[0].104,I0.2646
N16[0].105,I0.2647
N16[0].104,I0.2648
N16[0].107,I0.2649
N16[0].108,I0.2650
N16[0].109,I0.2651
N16[0].110,I0.2652
N16[0].111,I0.2653
N16[0].112,I0.2654
N16[0].113,I0.2655
N16[0].83,I0.2656
N16[0].84,I0.2657
N16[0].85,I0.2658
N16[0].86,I0.2659
N16[0].87,I0.2660
N16[0].88,I0.2661
N16[0].89,I0.2662
N16[0].90,I0.2663
N16[0].91,I0.2664
N16[0].92,I0.2665
N16[0].93,I0.2666
N16[0].94,I0.2667
N16[0].95,I0.2668
N16[0].96,I0.2669
N16[0].97,I0.2670
N16[0].98,I0.2671
N16[0].99,I0.2672
N16[0].100,I0.2673
N16[0].101,I0.2674
N16[0].102,I0.2675
N16[0].103,I0.2676
N16[0].104,I0.2677
N16[0].105,I0.2678
N16[0].106,I0.2679
N16[0].105,I0.2680
N16[0].108,I0.2681
N16[0].109,I0.2682
N16[0].110,I0.2683
N16[0].111,I0.2684
N16[0].112,I0.2685
N16[0].113,I0.2686
N16[0].114,I0.2687
N16[0].84,I0.2688
N16[0].85,I0.2689
N16[0].86,I0.2690
N16[0].87,I0.2691
N16[0].88,I0.2692
N16[0].89,I0.2693
N16[0].90,I0.2694
N16[0].91,I0.2695
N16[0].92,I0.2696
N16[0].93,I0.2697
N16[0].94,I0.2698
N16[0].95,I0.2699
N16[0].96,I0.2700
N16[0].97,I0.2701
N16[0].98,I0.2702
N16[0].99,I0.2703
N16[0].100,I0.2704
N16[0].101,I0.2705
N16[0].102,I0.2706
N16[0].103,I0.2707
N16[0].104,I0.2708
N16[0].105,I0.2709
N16[0].106,I0.2710
N16[0].107,I0.2711
N16[0].106,I0.2712
N16[0].109,I0.2713
N16[0].110,I0.2714
N16[0].111,I0.2715
N16[0].112,I0.2716
N16[0].113,I0.2717
N16[0].114,I0.2718
N16[0].115,I0.2719
N16[0].85,I0.2720
N16[0].86,I0.2721
N16[0].87,I0.2722
N16[0].88,I0.2723
N16[0].89,I0.2724
N16[0].90,I0.2725
N16[0].91,I0.2726
N16[0].92,I0.2727
N16[0].93,I0.2728
N16[0].94,I0.2729
N16[0].95,I0.2730
N16[0].96,I0.2731
N16[0].97,I0.2732
N16[0].98,I0.2733
N16[0].99,I0.2734
N16[0].100,I0.2735
N16[0].101,I0.2736
N16[0].102,I0.2737
N16[0].103,I0.2738
N16[0].104,I0.2739
N16[0].105,I0.2740
N16[0].106,I0.2741
N16[0].107,I0.2742
N16[0].108,I0.2743
N16[0].107,I0.2744
N16[0].110,I0.2745
N16[0].111,I0.2746
N16[0].112,I0.2747
N16[0].113,I0.2748
N16[0].114,I0.2749
N16[0].115,I0.2750
N16[0].116,I0.2751
N16[0].86,I0.2752
N16[0].87,I0.2753
N16[0].88,I0.2754
N16[0].89,I0.2755
N16[0].90,I0.2756
N16[0].91,I0.2757
N16[0].92,I0.2758
N16[0].93,I0.2759
N16[0].94,I0.2760
N16[0].95,I0.2761
N16[0].96,I0.2762
N16[0].97,I0.2763
N16[0].98,I0.2764
N16[0].99,I0.2765
N16[0].100,I0.2766
N16[0].101,I0.2767
N16[0].102,I0.2768
N16[0].103,I0.2769
N16[0].104,I0.2770
N16[0].105,I0.2771
N16[0].106,I0.2772
N16[0].107,I0.2773
N16[0].108,I0.2774
N16[0].109,I0.2775
N16[0].108,I0.2776
N16[0].111,I0.2777
N16[0].112,I0.2778
N16[0].113,I0.2779
N16[0].114,I0.2780
N16[0].115,I0.2781
N16[0].116,I0.2782
N16[0].117,I0.2783
N16[0].87,I0.2784
N16[0].88,I0.2785
N16[0].89,I0.2786
N16[0].90,I0.2787
N16[0].91,I0.2788
N16[0].92,I0.2789
N16[0].93,I0.2790
N16[0].94,I0.2791
N16[0].95,I0.2792
N16[0].96,I0.2793
N16[0].97,I0.2794
N16[0].98,I0.2795
N16[0].99,I0.2796
N16[0].100,I0.2797
N16[0].101,I0.2798
N16[0].102,I0.2799
N16[0].103,I0.2800
N16[0].104,I0.2801
N16[0].105,I0.2802
N16[0].106,I0.2803
N16[0].107,I0.2804
N16[0].108,I0.2805
N16[0].109,I0.2806
N16[0].110,I0.2807
N16[0].109,I0.2808
N16[0].112,I0.2809
N16[0].113,I0.2810
N16[0].114,I0.2811
N16[0].115,I0.2812
N16[0].116,I0.2813
N16[0].117,I0.2814
N16[0].118,I0.2815
N16[0].88,I0.2816
N16[0].89,I0.2817
N16[0].90,I0.2818
N16[0].91,I0.2819
N16[0].92,I0.2820
N16[0].93,I0.2821
N16[0].94,I0.2822
N16[0].95,I0.2823
N16[0].96,I0.2824
N16[0].97,I0.2825
N16[0].98,I0.2826
N16[0].99,I0.2827
N16[0].100,I0.2828
N16[0].101,I0.2829
N16[0].102,I0.2830
N16[0].103,I0.2831
N16[0].104,I0.2832
N16[0].105,I0.2833
N16[0].106,I0.2834
N16[0].107,I0.2835
N16[0].108,I0.2836
N16[0].109,I0.2837
N16[0].110,I0.2838
N16[0].111,I0.2839
N16[0].110,I0.2840
N16[0].113,I0.2841
N16[0].114,I0.2842
N16[0].115,I0.2843
N16[0].116,I0.2844
N16[0].117,I0.2845
N16[0].118,I0.2846
N16[0].119,I0.2847
N16[0].89,I0.2848
N16[0].90,I0.2849
N16[0].91,I0.2850
N16[0].92,I0.2851
N16[0].93,I0.2852
N16[0].94,I0.2853
N16[0].95,I0.2854
N16[0].96,I0.2855
N16[0].97,I0.2856
N16[0].98,I0.2857
N16[0].99,I0.2858
N16[0].100,I0.2859
N16[0].101,I0.2860
N16[0].102,I0.2861
N16[0].103,I0.2862
N16[0].104,I0.2863
N16[0].105,I0.2864
N16[0].106,I0.2865
N16[0].107,I0.2866
N16[0].108,I0.2867
N16[0].109,I0.2868
N16[0].110,I0.2869
N16[0].111,I0.2870
N16[0].112,I0.2871
N16[0].111,I0.2872
N16[0].114,I0.2873
N16[0].115,I0.2874
N16[0].116,I0.2875
N16[0].117,I0.2876
N16[0].118,I0.2877
N16[0].119,I0.2878
N16[0].120,I0.2879
N16[0].90,I0.2880
N16[0].91,I0.2881
N16[0].92,I0.2882
N16[0].93,I0.2883
N16[0].94,I0.2884
N16[0].95,I0.2885
N16[0].96,I0.2886
N16[0].97,I0.2887
N16[0].98,I0.2888
N16[0].99,I0.2889
N16[0].100,I0.2890
N16[0].101,I0.2891
N16[0].102,I0.2892
N16[0].103,I0.2893
N16[0].104,I0.2894
N16[0].105,I0.2895
N16[0].106,I0.2896
N16[0].107,I0.2897
N16[0].108,I0.2898
N16[0].109,I0.2899
N16[0].110,I0.2900
N16[0].111,I0.2901
N16[0].112,I0.2902
N16[0].113,I0.2903
N16[0].112,I0.2904
N16[0].115,I0.2905
N16[0].116,I0.2906
N16[0].117,I0.2907
N16[0].118,I0.2908
N16[0].119,I0.2909
N16[0].120,I0.2910
N16[0].121,I0.2911
N16[0].91,I0.2912
N16[0].92,I0.2913
N16[0].93,I0.2914
N16[0].94,I0.2915
N16[0].95,I0.2916
N16[0].96,I0.2917
N16[0].97,I0.2918
N16[0].98,I0.2919
N16[0].99,I0.2920
N16[0].100,I0.2921
N16[0].101,I0.2922
N16[0].102,I0.2923
N16[0].103,I0.2924
N16[0].104,I0.2925
N16[0].105,I0.2926
N16[0].106,I0.2927
N16[0].107,I0.2928
N16[0].108,I0.2929
N16[0].109,I0.2930
N16[0].110,I0.2931
N16[0].111,I0.2932
N16[0].112,I0.2933
N16[0].113,I0.2934
N16[0].114,I0.2935
N16[0].113,I0.2936
N16[0].116,I0.2937
N16[0].117,I0.2938
N16[0].118,I0.2939
N16[0].119,I0.2940
N16[0].120,I0.2941
N16[0].121,I0.2942
N16[0].122,I0.2943
N16[0].92,I0.2944
N16[0].93,I0.2945
N16[0].94,I0.2946
N16[0].95,I0.2947
N16[0].96,I0.2948
N16[0].97,I0.2949
N16[0].98,I0.2950
N16[0].99,I0.2951
N16[0].100,I0.2952
N16[0].101,I0.2953
N16[0].102,I0.2954
N16[0].103,I0.2955
N16[0].104,I0.2956
N16[0].105,I0.2957
N16[0].106,I0.2958
N16[0].107,I0.2959
N16[0].108,I0.2960
N16[0].109,I0.2961
N16[0].110,I0.2962
N16[0].111,I0.2963
N16[0].112,I0.2964
N16[0].113,I0.2965
N16[0].114,I0.2966
N16[0].115,I0.2967
N16[0].114,I0.2968
N16[0].117,I0.2969
N16[0].118,I0.2970
N16[0].119,I0.2971
N16[0].120,I0.2972
N16[0].121,I0.2973
N16[0].122,I0.2974
N16[0].123,I0.2975
N16[0].93,I0.2976
N16[0].94,I0.2977
N16[0].95,I0.2978
N16[0].96,I0.2979
N16[0].97,I0.2980
N16[0].98,I0.2981
N16[0].99,I0.2982
N16[0].100,I0.2983
N16[0].101,I0.2984
N16[0].102,I0.2985
N16[0].103,I0.2986
N16[0].104,I0.2987
N16[0].105,I0.2988
N16[0].106,I0.2989
N16[0].107,I0.2990
N16[0].108,I0.2991
N16[0].109,I0.2992
N16[0].110,I0.2993
N16[0].111,I0.2994
N16[0].112,I0.2995
N16[0].113,I0.2996
N16[0].114,I0.2997
N16[0].115,I0.2998
N16[0].116,I0.2999
N16[0].115,I0.3000
N16[0].118,I0.3001
N16[0].119,I0.3002
N16[0].120,I0.3003
N16[0].121,I0.3004
N16[0].122,I0.3005
N16[0].123,I0.3006
N16[0].124,I0.3007
N16[0].94,I0.3008
N16[0].95,I0.3009
N16[0].96,I0.3010
N16[0].97,I0.3011
N16[0].98,I0.3012
N16[0].99,I0.3013
N16[0].100,I0.3014
N16[0].101,I0.3015
N16[0].102,I0.3016
N16[0].103,I0.3017
N16[0].104,I0.3018
N16[0].105,I0.3019
N16[0].106,I0.3020
N16[0].107,I0.3021
N16[0].108,I0.3022
N16[0].109,I0.3023
N16[0].110,I0.3024
N16[0].111,I0.3025
N16[0].112,I0.3026
N16[0].113,I0.3027
N16[0].114,I0.3028
N16[0].115,I0.3029
N16[0].116,I0.3030
N16[0].117,I0.3031
N16[0].116,I0.3032
N16[0].119,I0.3033
N16[0].120,I0.3034
N16[0].121,I0.3035
N16[0].122,I0.3036
N16[0].123,I0.3037
N16[0].124,I0.3038
N16[0].125,I0.3039
N16[0].95,I0.3040
N16[0].96,I0.3041
N16[0].97,I0.3042
N16[0].98,I0.3043
N16[0].99,I0.3044
N16[0].100,I0.3045
N16[0].101,I0.3046
N16[0].102,I0.3047
N16[0].103,I0.3048
N16[0].104,I0.3049
N16[0].105,I0.3050
N16[0].106,I0.3051
N16[0].107,I0.3052
N16[0].108,I0.3053
N16[0].109,I0.3054
N16[0].110,I0.3055
N16[0].111,I0.3056
N16[0].112,I0.3057
N16[0].113,I0.3058
N16[0].114,I0.3059
N16[0].115,I0.3060
N16[0].116,I0.3061
N16[0].117,I0.3062
N16[0].118,I0.3063
N16[0].117,I0.3064
N16[0].120,I0.3065
N16[0].121,I0.3066
N16[0].122,I0.3067
N16[0].123,I0.3068
N16[0].124,I0.3069
N16[0].125,I0.3070
N16[0].126,I0.3071
N16[0].96,I0.3072
N16[0].97,I0.3073
N16[0].98,I0.3074
N16[0].99,I0.3075
N16[0].100,I0.3076
N16[0].101,I0.3077
N16[0].102,I0.3078
N16[0].103,I0.3079
N16[0].104,I0.3080
N16[0].105,I0.3081
N16[0].106,I0.3082
N16[0].107,I0.3083
N16[0].108,I0.3084
N16[0].109,I0.3085
N16[0].110,I0.3086
N16[0].111,I0.3087
N16[0].112,I0.3088
N16[0].113,I0.3089
N16[0].114,I0.3090
N16[0].115,I0.3091
N16[0].116,I0.3092
N16[0].117,I0.3093
N16[0].118,I0.3094
N16[0].119,I0.3095
N16[0].118,I0.3096
N16[0].121,I0.3097
N16[0].122,I0.3098
N16[0].123,I0.3099
N16[0].124,I0.3100
N16[0].125,I0.3101
N16[0].126,I0.3102
N16[0].127,I0.3103
N16[0].97,I0.3104
N16[0].98,I0.3105
N16[0].99,I0.3106
N16[0].100,I0.3107
N16[0].101,I0.3108
N16[0].102,I0.3109
N16[0].103,I0.3110
N16[0].104,I0.3111
N16[0].105,I0.3112
N16[0].106,I0.3113
N16[0].107,I0.3114
N16[0].108,I0.3115
N16[0].109,I0.3116
N16[0].110,I0.3117
N16[0].111,I0.3118
N16[0].112,I0.3119
N16[0].113,I0.3120
N16[0].114,I0.3121
N16[0].115,I0.3122
N16[0].116,I0.3123
N16[0].117,I0.3124
N16[0].118,I0.3125
N16[0].119,I0.3126
N16[0].120,I0.3127
N16[0].119,I0.3128
N16[0].122,I0.3129
N16[0].123,I0.3130
N16[0].124,I0.3131
N16[0].125,I0.3132
N16[0].126,I0.3133
N16[0].127,I0.3134
N16[0].128,I0.3135
N16[0].98,I0.3136
N16[0].99,I0.3137
N16[0].100,I0.3138
N16[0].101,I0.3139
N16[0].102,I0.3140
N16[0].103,I0.3141
N16[0].104,I0.3142
N16[0].105,I0.3143
N16[0].106,I0.3144
N16[0].107,I0.3145
N16[0].108,I0.3146
N16[0].109,I0.3147
N16[0].110,I0.3148
N16[0].111,I0.3149
N16[0].112,I0.3150
N16[0].113,I0.3151
N16[0].114,I0.3152
N16[0].115,I0.3153
N16[0].116,I0.3154
N16[0].117,I0.3155
N16[0].118,I0.3156
N16[0].119,I0.3157
N16[0].120,I0.3158
N16[0].121,I0.3159
N16[0].120,I0.3160
N16[0].123,I0.3161
N16[0].124,I0.3162
N16[0].125,I0.3163
N16[0].126,I0.3164
N16[0].127,I0.3165
N16[0].128,I0.3166
N16[0].129,I0.3167
N16[0].99,I0.3168
N16[0].100,I0.3169
N16[0].101,I0.3170
N16[0].102,I0.3171
N16[0].103,I0.3172
N16[0].104,I0.3173
N16[0].105,I0.3174
N16[0].106,I0.3175
N16[0].107,I0.3176
N16[0].108,I0.3177
N16[0].109,I0.3178
N16[0].110,I0.3179
N16[0].111,I0.3180
N16[0].112,I0.3181
N16[0].113,I0.3182
N16[0].114,I0.3183
N16[0].115,I0.3184
N16[0].116,I0.3185
N16[0].117,I0.3186
N16[0].118,I0.3187
N16[0].119,I0.3188
N16[0].120,I0.3189
N16[0].121,I0.3190
N16[0].122,I0.3191
N16[0].121,I0.3192
N16[0].124,I0.3193
N16[0].125,I0.3194
N16[0].126,I0.3195
N16[0].127,I0.3196
N16[0].128,I0.3197
N16[0].129,I0.3198
N16[0].130,I0.3199
N16[0].100,I0.3200
N16[0].101,I0.3201
N16[0].102,I0.3202
N16[0].103,I0.3203
N16[0].104,I0.3204
N16[0].105,I0.3205
N16[0].106,I0.3206
N16[0].107,I0.3207
N16[0].108,I0.3208
N16[0].109,I0.3209
N16[0].110,I0.3210
N16[0].111,I0.3211
N16[0].112,I0.3212
N16[0].113,I0.3213
N16[0].114,I0.3214
N16[0].115,I0.3215
N16[0].116,I0.3216
N16[0].117,I0.3217
N16[0].118,I0.3218
N16[0].119,I0.3219
N16[0].120,I0.3220
N16[0].121,I0.3221
N16[0].122,I0.3222
N16[0].123,I0.3223
N16[0].122,I0.3224
N16[0].125,I0.3225
N16[0].126,I0.3226
N16[0].127,I0.3227
N16[0].128,I0.3228
N16[0].129,I0.3229
N16[0].130,I0.3230
N16[0].131,I0.3231
N16[0].101,I0.3232
N16[0].102,I0.3233
N16[0].103,I0.3234
N16[0].104,I0.3235
N16[0].105,I0.3236
N16[0].106,I0.3237
N16[0].107,I0.3238
N16[0].108,I0.3239
N16[0].109,I0.3240
N16[0].110,I0.3241
N16[0].111,I0.3242
N16[0].112,I0.3243
N16[0].113,I0.3244
N16[0].114,I0.3245
N16[0].115,I0.3246
N16[0].116,I0.3247
N16[0].117,I0.3248
N16[0].118,I0.3249
N16[0].119,I0.3250
N16[0].120,I0.3251
N16[0].121,I0.3252
N16[0].122,I0.3253
N16[0].123,I0.3254
N16[0].124,I0.3255
N16[0].123,I0.3256
N16[0].126,I0.3257
N16[0].127,I0.3258
N16[0].128,I0.3259
N16[0].129,I0.3260
N16[0].130,I0.3261
N16[0].131,I0.3262
N16[0].132,I0.3263
N16[0].102,I0.3264
N16[0].103,I0.3265
N16[0].104,I0.3266
N16[0].105,I0.3267
N16[0].106,I0.3268
N16[0].107,I0.3269
N16[0].108,I0.3270
N16[0].109,I0.3271
N16[0].110,I0.3272
N16[0].111,I0.3273
N16[0].112,I0.3274
N16[0].113,I0.3275
N16[0].114,I0.3276
N16[0].115,I0.3277
N16[0].116,I0.3278
N16[0].117,I0.3279
N16[0].118,I0.3280
N16[0].119,I0.3281
N16[0].120,I0.3282
N16[0].121,I0.3283
N16[0].122,I0.3284
N16[0].123,I0.3285
N16[0].124,I0.3286
N16[0].125,I0.3287
N16[0].124,I0.3288
N16[0].127,I0.3289
N16[0].128,I0.3290
N16[0].129,I0.3291
N16[0].130,I0.3292
N16[0].131,I0.3293
N16[0].132,I0.3294
N16[0].133,I0.3295
N16[0].103,I0.3296
N16[0].104,I0.3297
N16[0].105,I0.3298
N16[0].106,I0.3299
N16[0].107,I0.3300
N16[0].108,I0.3301
N16[0].109,I0.3302
N16[0].110,I0.3303
N16[0].111,I0.3304
N16[0].112,I0.3305
N16[0].113,I0.3306
N16[0].114,I0.3307
N16[0].115,I0.3308
N16[0].116,I0.3309
N16[0].117,I0.3310
N16[0].118,I0.3311
N16[0].119,I0.3312
N16[0].120,I0.3313
N16[0].121,I0.3314
N16[0].122,I0.3315
N16[0].123,I0.3316
N16[0].124,I0.3317
N16[0].125,I0.3318
N16[0].126,I0.3319
N16[0].125,I0.3320
N16[0].128,I0.3321
N16[0].129,I0.3322
N16[0].130,I0.3323
N16[0].131,I0.3324
N16[0].132,I0.3325
N16[0].133,I0.3326
N16[0].134,I0.3327
N16[0].104,I0.3328
N16[0].105,I0.3329
N16[0].106,I0.3330
N16[0].107,I0.3331
N16[0].108,I0.3332
N16[0].109,I0.3333
N16[0].110,I0.3334
N16[0].111,I0.3335
N16[0].112,I0.3336
N16[0].113,I0.3337
N16[0].114,I0.3338
N16[0].115,I0.3339
N16[0].116,I0.3340
N16[0].117,I0.3341
N16[0].118,I0.3342
N16[0].119,I0.3343
N16[0].120,I0.3344
N16[0].121,I0.3345
N16[0].122,I0.3346
N16[0].123,I0.3347
N16[0].124,I0.3348
N16[0].125,I0.3349
N16[0].126,I0.3350
N16[0].127,I0.3351
N16[0].126,I0.3352
N16[0].129,I0.3353
N16[0].130,I0.3354
N16[0].131,I0.3355
N16[0].132,I0.3356
N16[0].133,I0.3357
N16[0].134,I0.3358
N16[0].135,I0.3359
N16[0].105,I0.3360
N16[0].106,I0.3361
N16[0].107,I0.3362
N16[0].108,I0.3363
N16[0].109,I0.3364
N16[0].110,I0.3365
N16[0].111,I0.3366
N16[0].112,I0.3367
N16[0].113,I0.3368
N16[0].114,I0.3369
N16[0].115,I0.3370
N16[0].116,I0.3371
N16[0].117,I0.3372
N16[0].118,I0.3373
N16[0].119,I0.3374
N16[0].120,I0.3375
N16[0].121,I0.3376
N16[0].122,I0.3377
N16[0].123,I0.3378
N16[0].124,I0.3379
N16[0].125,I0.3380
N16[0].126,I0.3381
N16[0].127,I0.3382
N16[0].128,I0.3383
N16[0].127,I0.3384
N16[0].130,I0.3385
N16[0].131,I0.3386
N16[0].132,I0.3387
N16[0].133,I0.3388
N16[0].134,I0.3389
N16[0].135,I0.3390
N16[0].136,I0.3391
N16[0].106,I0.3392
N16[0].107,I0.3393
N16[0].108,I0.3394
N16[0].109,I0.3395
N16[0].110,I0.3396
N16[0].111,I0.3397
N16[0].112,I0.3398
N16[0].113,I0.3399
N16[0].114,I0.3400
N16[0].115,I0.3401
N16[0].116,I0.3402
N16[0].117,I0.3403
N16[0].118,I0.3404
N16[0].119,I0.3405
N16[0].120,I0.3406
N16[0].121,I0.3407
N16[0].122,I0.3408
N16[0].123,I0.3409
N16[0].124,I0.3410
N16[0].125,I0.3411
N16[0].126,I0.3412
N16[0].127,I0.3413
N16[0].128,I0.3414
N16[0].129,I0.3415
N16[0].128,I0.3416
N16[0].131,I0.3417
N16[0].132,I0.3418
N16[0].133,I0.3419
N16[0].134,I0.3420
N16[0].135,I0.3421
N16[0].136,I0.3422
N16[0].137,I0.3423
N16[0].107,I0.3424
N16[0].108,I0.3425
N16[0].109,I0.3426
N16[0].110,I0.3427
N16[0].111,I0.3428
N16[0].112,I0.3429
N16[0].113,I0.3430
N16[0].114,I0.3431
N16[0].115,I0.3432
N16[0].116,I0.3433
N16[0].117,I0.3434
N16[0].118,I0.3435
N16[0].119,I0.3436
N16[0].120,I0.3437
N16[0].121,I0.3438
N16[0].122,I0.3439
N16[0].123,I0.3440
N16[0].124,I0.3441
N16[0].125,I0.3442
N16[0].126,I0.3443
N16[0].127,I0.3444
N16[0].128,I0.3445
N16[0].129,I0.3446
N16[0].130,I0.3447
N16[0].129,I0.3448
N16[0].132,I0.3449
N16[0].133,I0.3450
N16[0].134,I0.3451
N16[0].135,I0.3452
N16[0].136,I0.3453
N16[0].137,I0.3454
N16[0].138,I0.3455
N16[0].108,I0.3456
N16[0].109,I0.3457
N16[0].110,I0.3458
N16[0].111,I0.3459
N16[0].112,I0.3460
N16[0].113,I0.3461
N16[0].114,I0.3462
N16[0].115,I0.3463
N16[0].116,I0.3464
N16[0].117,I0.3465
N16[0].118,I0.3466
N16[0].119,I0.3467
N16[0].120,I0.3468
N16[0].121,I0.3469
N16[0].122,I0.3470
N16[0].123,I0.3471
N16[0].124,I0.3472
N16[0].125,I0.3473
N16[0].126,I0.3474
N16[0].127,I0.3475
N16[0].128,I0.3476
N16[0].129,I0.3477
N16[0].130,I0.3478
N16[0].131,I0.3479
N16[0].130,I0.3480
N16[0].133,I0.3481
N16[0].134,I0.3482
N16[0].135,I0.3483
N16[0].136,I0.3484
N16[0].137,I0.3485
N16[0].138,I0.3486
N16[0].139,I0.3487
N16[0].109,I0.3488
N16[0].110,I0.3489
N16[0].111,I0.3490
N16[0].112,I0.3491
N16[0].113,I0.3492
N16[0].114,I0.3493
N16[0].115,I0.3494
N16[0].116,I0.3495
N16[0].117,I0.3496
N16[0].118,I0.3497
N16[0].119,I0.3498
N16[0].120,I0.3499
N16[0].121,I0.3500
N16[0].122,I0.3501
N16[0].123,I0.3502
N16[0].124,I0.3503
N16[0].125,I0.3504
N16[0].126,I0.3505
N16[0].127,I0.3506
N16[0].128,I0.3507
N16[0].129,I0.3508
N16[0].130,I0.3509
N16[0].131,I0.3510
N16[0].132,I0.3511
N16[0].131,I0.3512
N16[0].134,I0.3513
N16[0].135,I0.3514
N16[0].136,I0.3515
N16[0].137,I0.3516
N16[0].138,I0.3517
N16[0].139,I0.3518
N16[0].140,I0.3519
N16[0].110,I0.3520
N16[0].111,I0.3521
N16[0].112,I0.3522
N16[0].113,I0.3523
N16[0].114,I0.3524
N16[0].115,I0.3525
N16[0].116,I0.3526
N16[0].117,I0.3527
N16[0].118,I0.3528
N16[0].119,I0.3529
N16[0].120,I0.3530
N16[0].121,I0.3531
N16[0].122,I0.3532
N16[0].123,I0.3533
N16[0].124,I0.3534
N16[0].125,I0.3535
N16[0].126,I0.3536
N16[0].127,I0.3537
N16[0].128,I0.3538
N16[0].129,I0.3539
N16[0].130,I0.3540
N16[0].131,I0.3541
N16[0].132,I0.3542
N16[0].133,I0.3543
N16[0].132,I0.3544
N16[0].135,I0.3545
N16[0].136,I0.3546
N16[0].137,I0.3547
N16[0].138,I0.3548
N16[0].139,I0.3549
N16[0].140,I0.3550
N16[0].141,I0.3551
N16[0].111,I0.3552
N16[0].112,I0.3553
N16[0].113,I0.3554
N16[0].114,I0.3555
N16[0].115,I0.3556
N16[0].116,I0.3557
N16[0].117,I0.3558
N16[0].118,I0.3559
N16[0].119,I0.3560
N16[0].120,I0.3561
N16[0].121,I0.3562
N16[0].122,I0.3563
N16[0].123,I0.3564
N16[0].124,I0.3565
N16[0].125,I0.3566
N16[0].126,I0.3567
N16[0].127,I0.3568
N16[0].128,I0.3569
N16[0].129,I0.3570
N16[0].130,I0.3571
N16[0].131,I0.3572
N16[0].132,I0.3573
N16[0].133,I0.3574
N16[0].134,I0.3575
N16[0].133,I0.3576
N16[0].136,I0.3577
N16[0].137,I0.3578
N16[0].138,I0.3579
N16[0].139,I0.3580
N16[0].140,I0.3581
N16[0].141,I0.3582
N16[0].142,I0.3583
N16[0].112,I0.3584
N16[0].113,I0.3585
N16[0].114,I0.3586
N16[0].115,I0.3587
N16[0].116,I0.3588
N16[0].117,I0.3589
N16[0].118,I0.3590
N16[0].119,I0.3591
N16[0].120,I0.3592
N16[0].121,I0.3593
N16[0].122,I0.3594
N16[0].123,I0.3595
N16[0].124,I0.3596
N16[0].125,I0.3597
N16[0].126,I0.3598
N16[0].127,I0.3599
N16[0].128,I0.3600
N16[0].129,I0.3601
N16[0].130,I0.3602
N16[0].131,I0.3603
N16[0].132,I0.3604
N16[0].133,I0.3605
N16[0].134,I0.3606
N16[0].135,I0.3607
N16[0].134,I0.3608
N16[0].137,I0.3609
N16[0].138,I0.3610
N16[0].139,I0.3611
N16[0].140,I0.3612
N16[0].141,I0.3613
N16[0].142,I0.3614
N16[0].143,I0.3615
N16[0].113,I0.3616
N16[0].114,I0.3617
N16[0].115,I0.3618
N16[0].116,I0.3619
N16[0].117,I0.3620
N16[0].118,I0.3621
N16[0].119,I0.3622
N16[0].120,I0.3623
N16[0].121,I0.3624
N16[0].122,I0.3625
N16[0].123,I0.3626
N16[0].124,I0.3627
N16[0].125,I0.3628
N16[0].126,I0.3629
N16[0].127,I0.3630
N16[0].128,I0.3631
N16[0].129,I0.3632
N16[0].130,I0.3633
N16[0].131,I0.3634
N16[0].132,I0.3635
N16[0].133,I0.3636
N16[0].134,I0.3637
N16[0].135,I0.3638
N16[0].136,I0.3639
N16[0].135,I0.3640
N16[0].138,I0.3641
N16[0].139,I0.3642
N16[0].140,I0.3643
N16[0].141,I0.3644
N16[0].142,I0.3645
N16[0].143,I0.3646
N16[0].144,I0.3647
N16[0].114,I0.3648
N16[0].115,I0.3649
N16[0].116,I0.3650
N16[0].117,I0.3651
N16[0].118,I0.3652
N16[0].119,I0.3653
N16[0].120,I0.3654
N16[0].121,I0.3655
N16[0].122,I0.3656
N16[0].123,I0.3657
N16[0].124,I0.3658
N16[0].125,I0.3659
N16[0].126,I0.3660
N16[0].127,I0.3661
N16[0].128,I0.3662
N16[0].129,I0.3663
N16[0].130,I0.3664
N16[0].131,I0.3665
N16[0].132,I0.3666
N16[0].133,I0.3667
N16[0].134,I0.3668
N16[0].135,I0.3669
N16[0].136,I0.3670
N16[0].137,I0.3671
N16[0].136,I0.3672
N16[0].139,I0.3673
N16[0].140,I0.3674
N16[0].141,I0.3675
N16[0].142,I0.3676
N16[0].143,I0.3677
N16[0].144,I0.3678
N16[0].145,I0.3679
N16[0].115,I0.3680
N16[0].116,I0.3681
N16[0].117,I0.3682
N16[0].118,I0.3683
N16[0].119,I0.3684
N16[0].120,I0.3685
N16[0].121,I0.3686
N16[0].122,I0.3687
N16[0].123,I0.3688
N16[0].124,I0.3689
N16[0].125,I0.3690
N16[0].126,I0.3691
N16[0].127,I0.3692
N16[0].128,I0.3693
N16[0].129,I0.3694
N16[0].130,I0.3695
N16[0].131,I0.3696
N16[0].132,I0.3697
N16[0].133,I0.3698
N16[0].134,I0.3699
N16[0].135,I0.3700
N16[0].136,I0.3701
N16[0].137,I0.3702
N16[0].138,I0.3703
N16[0].137,I0.3704
N16[0].140,I0.3705
N16[0].141,I0.3706
N16[0].142,I0.3707
N16[0].143,I0.3708
N16[0].144,I0.3709
N16[0].145,I0.3710
N16[0].146,I0.3711
N16[0].116,I0.3712
N16[0].117,I0.3713
N16[0].118,I0.3714
N16[0].119,I0.3715
N16[0].120,I0.3716
N16[0].121,I0.3717
N16[0].122,I0.3718
N16[0].123,I0.3719
N16[0].124,I0.3720
N16[0].125,I0.3721
N16[0].126,I0.3722
N16[0].127,I0.3723
N16[0].128,I0.3724
N16[0].129,I0.3725
N16[0].130,I0.3726
N16[0].131,I0.3727
N16[0].132,I0.3728
N16[0].133,I0.3729
N16[0].134,I0.3730
N16[0].135,I0.3731
N16[0].136,I0.3732
N16[0].137,I0.3733
N16[0].138,I0.3734
N16[0].139,I0.3735
N16[0].138,I0.3736
N16[0].141,I0.3737
N16[0].142,I0.3738
N16[0].143,I0.3739
N16[0].144,I0.3740
N16[0].145,I0.3741
N16[0].146,I0.3742
N16[0].147,I0.3743
N16[0].117,I0.3744
N16[0].118,I0.3745
N16[0].119,I0.3746
N16[0].120,I0.3747
N16[0].121,I0.3748
N16[0].122,I0.3749
N16[0].123,I0.3750
N16[0].124,I0.3751
N16[0].125,I0.3752
N16[0].126,I0.3753
N16[0].127,I0.3754
N16[0].128,I0.3755
N16[0].129,I0.3756
N16[0].130,I0.3757
N16[0].131,I0.3758
N16[0].132,I0.3759
N16[0].133,I0.3760
N16[0].134,I0.3761
N16[0].135,I0.3762
N16[0].136,I0.3763
N16[0].137,I0.3764
N16[0].138,I0.3765
N16[0].139,I0.3766
N16[0].140,I0.3767
N16[0].139,I0.3768
N16[0].142,I0.3769
N16[0].143,I0.3770
N16[0].144,I0.3771
N16[0].145,I0.3772
N16[0].146,I0.3773
N16[0].147,I0.3774
N16[0].148,I0.3775
N16[0].118,I0.3776
N16[0].119,I0.3777
N16[0].120,I0.3778
N16[0].121,I0.3779
N16[0].122,I0.3780
N16[0].123,I0.3781
N16[0].124,I0.3782
N16[0].125,I0.3783
N16[0].126,I0.3784
N16[0].127,I0.3785
N16[0].128,I0.3786
N16[0].129,I0.3787
N16[0].130,I0.3788
N16[0].131,I0.3789
N16[0].132,I0.3790
N16[0].133,I0.3791
N16[0].134,I0.3792
N16[0].135,I0.3793
N16[0].136,I0.3794
N16[0].137,I0.3795
N16[0].138,I0.3796
N16[0].139,I0.3797
N16[0].140,I0.3798
N16[0].141,I0.3799
N16[0].140,I0.3800
N16[0].143,I0.3801
N16[0].144,I0.3802
N16[0].145,I0.3803
N16[0].146,I0.3804
N16[0].147,I0.3805
N16[0].148,I0.3806
N16[0].149,I0.3807
N16[0].119,I0.3808
N16[0].120,I0.3809
N16[0].121,I0.3810
N16[0].122,I0.3811
N16[0].123,I0.3812
N16[0].124,I0.3813
N16[0].125,I0.3814
N16[0].126,I0.3815
N16[0].127,I0.3816
N16[0].128,I0.3817
N16[0].129,I0.3818
N16[0].130,I0.3819
N16[0].131,I0.3820
N16[0].132,I0.3821
N16[0].133,I0.3822
N16[0].134,I0.3823
N16[0].135,I0.3824
N16[0].136,I0.3825
N16[0].137,I0.3826
N16[0].138,I0.3827
N16[0].139,I0.3828
N16[0].140,I0.3829
N16[0].141,I0.3830
N16[0].142,I0.3831
N16[0].141,I0.3832
N16[0].144,I0.3833
N16[0].145,I0.3834
N16[0].146,I0.3835
N16[0].147,I0.3836
N16[0].148,I0.3837
N16[0].149,I0.3838
N16[0].150,I0.3839
N16[0].120,I0.3840
N16[0].121,I0.3841
N16[0].122,I0.3842
N16[0].123,I0.3843
N16[0].124,I0.3844
N16[0].125,I0.3845
N16[0].126,I0.3846
N16[0].127,I0.3847
N16[0].128,I0.3848
N16[0].129,I0.3849
N16[0].130,I0.3850
N16[0].131,I0.3851
N16[0].132,I0.3852
N16[0].133,I0.3853
N16[0].134,I0.3854
N16[0].135,I0.3855
N16[0].136,I0.3856
N16[0].137,I0.3857
N16[0].138,I0.3858
N16[0].139,I0.3859
N16[0].140,I0.3860
N16[0].141,I0.3861
N16[0].142,I0.3862
N16[0].143,I0.3863
N16[0].142,I0.3864
N16[0].145,I0.3865
N16[0].146,I0.3866
N16[0].147,I0.3867
N16[0].148,I0.3868
N16[0].149,I0.3869
N16[0].150,I0.3870
N16[0].151,I0.3871
N16[0].121,I0.3872
N16[0].122,I0.3873
N16[0].123,I0.3874
N16[0].124,I0.3875
N16[0].125,I0.3876
N16[0].126,I0.3877
N16[0].127,I0.3878
N16[0].128,I0.3879
N16[0].129,I0.3880
N16[0].130,I0.3881
N16[0].131,I0.3882
N16[0].132,I0.3883
N16[0].133,I0.3884
N16[0].134,I0.3885
N16[0].135,I0.3886
N16[0].136,I0.3887
N16[0].137,I0.3888
N16[0].138,I0.3889
N16[0].139,I0.3890
N16[0].140,I0.3891
N16[0].141,I0.3892
N16[0].142,I0.3893
N16[0].143,I0.3894
N16[0].144,I0.3895
N16[0].143,I0.3896
N16[0].146,I0.3897
N16[0].147,I0.3898
N16[0].148,I0.3899
N16[0].149,I0.3900
N16[0].150,I0.3901
N16[0].151,I0.3902
N16[0].152,I0.3903
N16[0].122,I0.3904
N16[0].123,I0.3905
N16[0].124,I0.3906
N16[0].125,I0.3907
N16[0].126,I0.3908
N16[0].127,I0.3909
N16[0].128,I0.3910
N16[0].129,I0.3911
N16[0].130,I0.3912
N16[0].131,I0.3913
N16[0].132,I0.3914
N16[0].133,I0.3915
N16[0].134,I0.3916
N16[0].135,I0.3917
N16[0].136,I0.3918
N16[0].137,I0.3919
N16[0].138,I0.3920
N16[0].139,I0.3921
N16[0].140,I0.3922
N16[0].141,I0.3923
N16[0].142,I0.3924
N16[0].143,I0.3925
N16[0].144,I0.3926
N16[0].145,I0.3927
N16[0].144,I0.3928
N16[0].147,I0.3929
N16[0].148,I0.3930
N16[0].149,I0.3931
N16[0].150,I0.3932
N16[0].151,I0.3933
N16[0].152,I0.3934
N16[0].153,I0.3935
N16[0].123,I0.3936
N16[0].124,I0.3937
N16[0].125,I0.3938
N16[0].126,I0.3939
N16[0].127,I0.3940
N16[0].128,I0.3941
N16[0].129,I0.3942
N16[0].130,I0.3943
N16[0].131,I0.3944
N16[0].132,I0.3945
N16[0].133,I0.3946
N16[0].134,I0.3947
N16[0].135,I0.3948
N16[0].136,I0.3949
N16[0].137,I0.3950
N16[0].138,I0.3951
N16[0].139,I0.3952
N16[0].140,I0.3953
N16[0].141,I0.3954
N16[0].142,I0.3955
N16[0].143,I0.3956
N16[0].144,I0.3957
N16[0].145,I0.3958
N16[0].146,I0.3959
N16[0].145,I0.3960
N16[0].148,I0.3961
N16[0].149,I0.3962
N16[0].150,I0.3963
N16[0].151,I0.3964
N16[0].152,I0.3965
N16[0].153,I0.3966
N16[0].154,I0.3967
N16[0].124,I0.3968
N16[0].125,I0.3969
N16[0].126,I0.3970
N16[0].127,I0.3971
N16[0].128,I0.3972
N16[0].129,I0.3973
N16[0].130,I0.3974
N16[0].131,I0.3975
N16[0].132,I0.3976
N16[0].133,I0.3977
N16[0].134,I0.3978
N16[0].135,I0.3979
N16[0].136,I0.3980
N16[0].137,I0.3981
N16[0].138,I0.3982
N16[0].139,I0.3983
N16[0].140,I0.3984
N16[0].141,I0.3985
N16[0].142,I0.3986
N16[0].143,I0.3987
N16[0].144,I0.3988
N16[0].145,I0.3989
N16[0].146,I0.3990
N16[0].147,I0.3991
N16[0].146,I0.3992
N16[0].149,I0.3993
N16[0].150,I0.3994
N16[0].151,I0.3995
N16[0].152,I0.3996
N16[0].153,I0.3997
N16[0].154,I0.3998
N16[0].155,I0.3999
N16[0].125,I0.4000
N16[0].126,I0.4001
N16[0].127,I0.4002
N16[0].128,I0.4003
N16[0].129,I0.4004
N16[0].130,I0.4005
N16[0].131,I0.4006
N16[0].132,I0.4007
N16[0].133,I0.4008
N16[0].134,I0.4009
N16[0].135,I0.4010
N16[0].136,I0.4011
N16[0].137,I0.4012
N16[0].138,I0.4013
N16[0].139,I0.4014
N16[0].140,I0.4015
N16[0].141,I0.4016
N16[0].142,I0.4017
N16[0].143,I0.4018
N16[0].144,I0.4019
N16[0].145,I0.4020
N16[0].146,I0.4021
N16[0].147,I0.4022
N16[0].148,I0.4023
N16[0].147,I0.4024
N16[0].150,I0.4025
N16[0].151,I0.4026
N16[0].152,I0.4027
N16[0].153,I0.4028
N16[0].154,I0.4029
N16[0].155,I0.4030
N16[0].156,I0.4031
N16[0].126,I0.4032
N16[0].127,I0.4033
N16[0].128,I0.4034
N16[0].129,I0.4035
N16[0].130,I0.4036
N16[0].131,I0.4037
N16[0].132,I0.4038
N16[0].133,I0.4039
N16[0].134,I0.4040
N16[0].135,I0.4041
N16[0].136,I0.4042
N16[0].137,I0.4043
N16[0].138,I0.4044
N16[0].139,I0.4045
N16[0].140,I0.4046
N16[0].141,I0.4047
N16[0].142,I0.4048
N16[0].143,I0.4049
N16[0].144,I0.4050
N16[0].145,I0.4051
N16[0].146,I0.4052
N16[0].147,I0.4053
N16[0].148,I0.4054
N16[0].149,I0.4055
N16[0].148,I0.4056
N16[0].151,I0.4057
N16[0].152,I0.4058
N16[0].153,I0.4059
N16[0].154,I0.4060
N16[0].155,I0.4061
N16[0].156,I0.4062
N16[0].157,I0.4063
N16[0].127,I0.4064
N16[0].128,I0.4065
N16[0].129,I0.4066
N16[0].130,I0.4067
N16[0].131,I0.4068
N16[0].132,I0.4069
N16[0].133,I0.4070
N16[0].134,I0.4071
N16[0].135,I0.4072
N16[0].136,I0.4073
N16[0].137,I0.4074
N16[0].138,I0.4075
N16[0].139,I0.4076
N16[0].140,I0.4077
N16[0].141,I0.4078
N16[0].142,I0.4079
N16[0].143,I0.4080
N16[0].144,I0.4081
N16[0].145,I0.4082
N16[0].146,I0.4083
N16[0].147,I0.4084
N16[0].148,I0.4085
N16[0].149,I0.4086
N16[0].150,I0.4087
N16[0].149,I0.4088
N16[0].152,I0.4089
N16[0].153,I0.4090
N16[0].154,I0.4091
N16[0].155,I0.4092
N16[0].156,I0.4093
N16[0].157,I0.4094
N16[0].158,I0.4095
N16[0].128,I0.4096
N16[0].129,I0.4097
N16[0].130,I0.4098
N16[0].131,I0.4099
N16[0].132,I0.4100
N16[0].133,I0.4101
N16[0].134,I0.4102
N16[0].135,I0.4103
N16[0].136,I0.4104
N16[0].137,I0.4105
N16[0].138,I0.4106
N16[0].139,I0.4107
N16[0].140,I0.4108
N16[0].141,I0.4109
N16[0].142,I0.4110
N16[0].143,I0.4111
N16[0].144,I0.4112
N16[0].145,I0.4113
N16[0].146,I0.4114
N16[0].147,I0.4115
N16[0].148,I0.4116
N16[0].149,I0.4117
N16[0].150,I0.4118
N16[0].151,I0.4119
N16[0].150,I0.4120
N16[0].153,I0.4121
N16[0].154,I0.4122
N16[0].155,I0.4123
N16[0].156,I0.4124
N16[0].157,I0.4125
N16[0].158,I0.4126
N16[0].159,I0.4127
N16[0].129,I0.4128
N16[0].130,I0.4129
N16[0].131,I0.4130
N16[0].132,I0.4131
N16[0].133,I0.4132
N16[0].134,I0.4133
N16[0].135,I0.4134
N16[0].136,I0.4135
N16[0].137,I0.4136
N16[0].138,I0.4137
N16[0].139,I0.4138
N16[0].140,I0.4139
N16[0].141,I0.4140
N16[0].142,I0.4141
N16[0].143,I0.4142
N16[0].144,I0.4143
N16[0].145,I0.4144
N16[0].146,I0.4145
N16[0].147,I0.4146
N16[0].148,I0.4147
N16[0].149,I0.4148
N16[0].150,I0.4149
N16[0].151,I0.4150
N16[0].152,I0.4151
N16[0].151,I0.4152
N16[0].154,I0.4153
N16[0].155,I0.4154
N16[0].156,I0.4155
N16[0].157,I0.4156
N16[0].158,I0.4157
N16[0].159,I0.4158
N16[0].160,I0.4159
N16[0].130,I0.4160
N16[0].131,I0.4161
N16[0].132,I0.4162
N16[0].133,I0.4163
N16[0].134,I0.4164
N16[0].135,I0.4165
N16[0].136,I0.4166
N16[0].137,I0.4167
N16[0].138,I0.4168
N16[0].139,I0.4169
N16[0].140,I0.4170
N16[0].141,I0.4171
N16[0].142,I0.4172
N16[0].143,I0.4173
N16[0].144,I0.4174
N16[0].145,I0.4175
N16[0].146,I0.4176
N16[0].147,I0.4177
N16[0].148,I0.4178
N16[0].149,I0.4179
N16[0].150,I0.4180
N16[0].151,I0.4181
N16[0].152,I0.4182
N16[0].153,I0.4183
N16[0].152,I0.4184
N16[0].155,I0.4185
N16[0].156,I0.4186
N16[0].157,I0.4187
N16[0].158,I0.4188
N16[0].159,I0.4189
N16[0].160,I0.4190
N16[0].161,I0.4191
N16[0].131,I0.4192
N16[0].132,I0.4193
N16[0].133,I0.4194
N16[0].134,I0.4195
N16[0].135,I0.4196
N16[0].136,I0.4197
N16[0].137,I0.4198
N16[0].138,I0.4199
N16[0].139,I0.4200
N16[0].140,I0.4201
N16[0].141,I0.4202
N16[0].142,I0.4203
N16[0].143,I0.4204
N16[0].144,I0.4205
N16[0].145,I0.4206
N16[0].146,I0.4207
N16[0].147,I0.4208
N16[0].148,I0.4209
N16[0].149,I0.4210
N16[0].150,I0.4211
N16[0].151,I0.4212
N16[0].152,I0.4213
N16[0].153,I0.4214
N16[0].154,I0.4215
N16[0].153,I0.4216
N16[0].156,I0.4217
N16[0].157,I0.4218
N16[0].158,I0.4219
N16[0].159,I0.4220
N16[0].160,I0.4221
N16[0].161,I0.4222
N16[0].162,I0.4223
N16[0].132,I0.4224
N16[0].133,I0.4225
N16[0].134,I0.4226
N16[0].135,I0.4227
N16[0].136,I0.4228
N16[0].137,I0.4229
N16[0].138,I0.4230
N16[0].139,I0.4231
N16[0].140,I0.4232
N16[0].141,I0.4233
N16[0].142,I0.4234
N16[0].143,I0.4235
N16[0].144,I0.4236
N16[0].145,I0.4237
N16[0].146,I0.4238
N16[0].147,I0.4239
N16[0].148,I0.4240
N16[0].149,I0.4241
N16[0].150,I0.4242
N16[0].151,I0.4243
N16[0].152,I0.4244
N16[0].153,I0.4245
N16[0].154,I0.4246
N16[0].155,I0.4247
N16[0].154,I0.4248
N16[0].157,I0.4249
N16[0].158,I0.4250
N16[0].159,I0.4251
N16[0].160,I0.4252
N16[0].161,I0.4253
N16[0].162,I0.4254
N16[0].163,I0.4255
N16[0].133,I0.4256
N16[0].134,I0.4257
N16[0].135,I0.4258
N16[0].136,I0.4259
N16[0].137,I0.4260
N16[0].138,I0.4261
N16[0].139,I0.4262
N16[0].140,I0.4263
N16[0].141,I0.4264
N16[0].142,I0.4265
N16[0].143,I0.4266
N16[0].144,I0.4267
N16[0].145,I0.4268
N16[0].146,I0.4269
N16[0].147,I0.4270
N16[0].148,I0.4271
N16[0].149,I0.4272
N16[0].150,I0.4273
N16[0].151,I0.4274
N16[0].152,I0.4275
N16[0].153,I0.4276
N16[0].154,I0.4277
N16[0].155,I0.4278
N16[0].156,I0.4279
N16[0].155,I0.4280
N16[0].158,I0.4281
N16[0].159,I0.4282
N16[0].160,I0.4283
N16[0].161,I0.4284
N16[0].162,I0.4285
N16[0].163,I0.4286
N16[0].164,I0.4287
N16[0].134,I0.4288
N16[0].135,I0.4289
N16[0].136,I0.4290
N16[0].137,I0.4291
N16[0].138,I0.4292
N16[0].139,I0.4293
N16[0].140,I0.4294
N16[0].141,I0.4295
N16[0].142,I0.4296
N16[0].143,I0.4297
N16[0].144,I0.4298
N16[0].145,I0.4299
N16[0].146,I0.4300
N16[0].147,I0.4301
N16[0].148,I0.4302
N16[0].149,I0.4303
N16[0].150,I0.4304
N16[0].151,I0.4305
N16[0].152,I0.4306
N16[0].153,I0.4307
N16[0].154,I0.4308
N16[0].155,I0.4309
N16[0].156,I0.4310
N16[0].157,I0.4311
N16[0].156,I0.4312
N16[0].159,I0.4313
N16[0].160,I0.4314
N16[0].161,I0.4315
N16[0].162,I0.4316
N16[0].163,I0.4317
N16[0].164,I0.4318
N16[0].165,I0.4319
N16[0].135,I0.4320
N16[0].136,I0.4321
N16[0].137,I0.4322
N16[0].138,I0.4323
N16[0].139,I0.4324
N16[0].140,I0.4325
N16[0].141,I0.4326
N16[0].142,I0.4327
N16[0].143,I0.4328
N16[0].144,I0.4329
N16[0].145,I0.4330
N16[0].146,I0.4331
N16[0].147,I0.4332
N16[0].148,I0.4333
N16[0].149,I0.4334
N16[0].150,I0.4335
N16[0].151,I0.4336
N16[0].152,I0.4337
N16[0].153,I0.4338
N16[0].154,I0.4339
N16[0].155,I0.4340
N16[0].156,I0.4341
N16[0].157,I0.4342
N16[0].158,I0.4343
N16[0].157,I0.4344
N16[0].160,I0.4345
N16[0].161,I0.4346
N16[0].162,I0.4347
N16[0].163,I0.4348
N16[0].164,I0.4349
N16[0].165,I0.4350
N16[0].166,I0.4351
N16[0].136,I0.4352
N16[0].137,I0.4353
N16[0].138,I0.4354
N16[0].139,I0.4355
N16[0].140,I0.4356
N16[0].141,I0.4357
N16[0].142,I0.4358
N16[0].143,I0.4359
N16[0].144,I0.4360
N16[0].145,I0.4361
N16[0].146,I0.4362
N16[0].147,I0.4363
N16[0].148,I0.4364
N16[0].149,I0.4365
N16[0].150,I0.4366
N16[0].151,I0.4367
N16[0].152,I0.4368
N16[0].153,I0.4369
N16[0].154,I0.4370
N16[0].155,I0.4371
N16[0].156,I0.4372
N16[0].157,I0.4373
N16[0].158,I0.4374
N16[0].159,I0.4375
N16[0].158,I0.4376
N16[0].161,I0.4377
N16[0].162,I0.4378
N16[0].163,I0.4379
N16[0].164,I0.4380
N16[0].165,I0.4381
N16[0].166,I0.4382
N16[0].167,I0.4383
N16[0].137,I0.4384
N16[0].138,I0.4385
N16[0].139,I0.4386
N16[0].140,I0.4387
N16[0].141,I0.4388
N16[0].142,I0.4389
N16[0].143,I0.4390
N16[0].144,I0.4391
N16[0].145,I0.4392
N16[0].146,I0.4393
N16[0].147,I0.4394
N16[0].148,I0.4395
N16[0].149,I0.4396
N16[0].150,I0.4397
N16[0].151,I0.4398
N16[0].152,I0.4399
N16[0].153,I0.4400
N16[0].154,I0.4401
N16[0].155,I0.4402
N16[0].156,I0.4403
N16[0].157,I0.4404
N16[0].158,I0.4405
N16[0].159,I0.4406
N16[0].160,I0.4407
N16[0].159,I0.4408
N16[0].162,I0.4409
N16[0].163,I0.4410
N16[0].164,I0.4411
N16[0].165,I0.4412
N16[0].166,I0.4413
N16[0].167,I0.4414
N16[0].168,I0.4415
N16[0].138,I0.4416
N16[0].139,I0.4417
N16[0].140,I0.4418
N16[0].141,I0.4419
N16[0].142,I0.4420
N16[0].143,I0.4421
N16[0].144,I0.4422
N16[0].145,I0.4423
N16[0].146,I0.4424
N16[0].147,I0.4425
N16[0].148,I0.4426
N16[0].149,I0.4427
N16[0].150,I0.4428
N16[0].151,I0.4429
N16[0].152,I0.4430
N16[0].153,I0.4431
N16[0].154,I0.4432
N16[0].155,I0.4433
N16[0].156,I0.4434
N16[0].157,I0.4435
N16[0].158,I0.4436
N16[0].159,I0.4437
N16[0].160,I0.4438
N16[0].161,I0.4439
N16[0].160,I0.4440
N16[0].163,I0.4441
N16[0].164,I0.4442
N16[0].165,I0.4443
N16[0].166,I0.4444
N16[0].167,I0.4445
N16[0].168,I0.4446
N16[0].169,I0.4447
N16[0].139,I0.4448
N16[0].140,I0.4449
N16[0].141,I0.4450
N16[0].142,I0.4451
N16[0].143,I0.4452
N16[0].144,I0.4453
N16[0].145,I0.4454
N16[0].146,I0.4455
N16[0].147,I0.4456
N16[0].148,I0.4457
N16[0].149,I0.4458
N16[0].150,I0.4459
N16[0].151,I0.4460
N16[0].152,I0.4461
N16[0].153,I0.4462
N16[0].154,I0.4463
N16[0].155,I0.4464
N16[0].156,I0.4465
N16[0].157,I0.4466
N16[0].158,I0.4467
N16[0].159,I0.4468
N16[0].160,I0.4469
N16[0].161,I0.4470
N16[0].162,I0.4471
N16[0].161,I0.4472
N16[0].164,I0.4473
N16[0].165,I0.4474
N16[0].166,I0.4475
N16[0].167,I0.4476
N16[0].168,I0.4477
N16[0].169,I0.4478
N16[0].170,I0.4479
N16[0].140,I0.4480
N16[0].141,I0.4481
N16[0].142,I0.4482
N16[0].143,I0.4483
N16[0].144,I0.4484
N16[0].145,I0.4485
N16[0].146,I0.4486
N16[0].147,I0.4487
N16[0].148,I0.4488
N16[0].149,I0.4489
N16[0].150,I0.4490
N16[0].151,I0.4491
N16[0].152,I0.4492
N16[0].153,I0.4493
N16[0].154,I0.4494
N16[0].155,I0.4495
N16[0].156,I0.4496
N16[0].157,I0.4497
N16[0].158,I0.4498
N16[0].159,I0.4499
N16[0].160,I0.4500
N16[0].161,I0.4501
N16[0].162,I0.4502
N16[0].163,I0.4503
N16[0].162,I0.4504
N16[0].165,I0.4505
N16[0].166,I0.4506
N16[0].167,I0.4507
N16[0].168,I0.4508
N16[0].169,I0.4509
N16[0].170,I0.4510
N16[0].171,I0.4511
N16[0].141,I0.4512
N16[0].142,I0.4513
N16[0].143,I0.4514
N16[0].144,I0.4515
N16[0].145,I0.4516
N16[0].146,I0.4517
N16[0].147,I0.4518
N16[0].148,I0.4519
